name,meta,AC,HP,Speed,STR,STR_mod,DEX,DEX_mod,CON,CON_mod,INT,INT_mod,WIS,WIS_mod,CHA,CHA_mod,Saving Throws,Skills,Senses,Languages,Challenge,DamageImmunitites,ConditionImmunities,DamageResistances,DamageVulnerabilities,Reactions
Aboleth,"Large aberration, lawful evil",17 (Natural Armor),135 (18d10 + 36),"10 ft., swim 40 ft. ",21,(+5),9,(-1),15,(+2),18,(+4),15,(+2),18,(+4),"CON +6, INT +8, WIS +6","History +12, Perception +10","Darkvision 120 ft.,  Passive Perception 20","Deep Speech, Telepathy 120 ft.","10 (5,900 XP)",,,,,
Acolyte,"Medium humanoid, any",10 ,9 (2d8),30 ft. ,10,(+0),10,(+0),10,(+0),10,(+0),14,(+2),11,(+0),,"Medicine +4, Religion +2",Passive Perception 12,Any one language (usually Common),1/4 (50 XP),,,,,
Adult Black Dragon,"Huge dragon, chaotic evil",19 (Natural Armor),195 (17d12 + 85),"40 ft., fly 80 ft., swim 40 ft. ",23,(+6),14,(+2),21,(+5),14,(+2),13,(+1),17,(+3),"DEX +7, CON +10, WIS +6, CHA +8","Perception +11, Stealth +7","Blindsight 60 ft., Darkvision 120 ft.,  Passive Perception 21","Common, Draconic","14 (11,500 XP)",Acid,,,,
Adult Blue Dragon,"Huge dragon, lawful evil",19 (Natural Armor),225 (18d12 + 108),"40 ft., burrow 30 ft., fly 80 ft. ",25,(+7),10,(+0),23,(+6),16,(+3),15,(+2),19,(+4),"DEX +5, CON +11, WIS +7, CHA +9","Perception +12, Stealth +5","Blindsight 60 ft., Darkvision 120 ft.,  Passive Perception 22","Common, Draconic","16 (15,000 XP)",Lightning,,,,
Adult Brass Dragon,"Huge dragon, chaotic good",18 (Natural Armor),172 (15d12 + 75),"40 ft., burrow 30 ft., fly 80 ft. ",23,(+6),10,(+0),21,(+5),14,(+2),13,(+1),17,(+3),"DEX +5, CON +10, WIS +6, CHA +8","History +7, Perception +11, Persuasion +8, Stealth +5","Blindsight 60 ft., Darkvision 120 ft.,  Passive Perception 21","Common, Draconic","13 (10,000 XP)",Fire,,,,
Adult Bronze Dragon,"Huge dragon, lawful good",19 (Natural Armor),212 (17d12 + 102),"40 ft., fly 80 ft., swim 40 ft. ",25,(+7),10,(+0),23,(+6),16,(+3),15,(+2),19,(+4),"DEX +5, CON +11, WIS +7, CHA +9","Insight +7, Perception +12, Stealth +5","Blindsight 60 ft., Darkvision 120 ft.,  Passive Perception 22","Common, Draconic","15 (13,000 XP)",Lightning,,,,
Adult Copper Dragon,"Huge dragon, chaotic good",18 (Natural Armor),184 (16d12 + 80),"40 ft., climb 40 ft., fly 80 ft. ",23,(+6),12,(+1),21,(+5),18,(+4),15,(+2),17,(+3),"DEX +6, CON +10, WIS +7, CHA +8","Deception +8, Perception +12, Stealth +6","Blindsight 60 ft., Darkvision 120 ft.,  Passive Perception 22","Common, Draconic","14 (11,500 XP)",Acid,,,,
Adult Gold Dragon,"Huge dragon, lawful good",19 (Natural Armor),256 (19d12 + 133),"40 ft., fly 80 ft., swim 40 ft. ",27,(+8),14,(+2),25,(+7),16,(+3),15,(+2),24,(+7),"DEX +8, CON +13, WIS +8, CHA +13","Insight +8, Perception +14, Persuasion +13, Stealth +8","Blindsight 60 ft., Darkvision 120 ft.,  Passive Perception 24","Common, Draconic","17 (18,000 XP)",Fire,,,,
Adult Green Dragon,"Huge dragon, lawful evil",19 (Natural Armor),207 (18d12 + 90),"40 ft., fly 80 ft., swim 40 ft. ",23,(+6),12,(+1),21,(+5),18,(+4),15,(+2),17,(+3),"DEX +6, CON +10, WIS +7, CHA +8","Deception +8, Insight +7, Perception +12, Persuasion +8, Stealth +6","Blindsight 60 ft., Darkvision 120 ft.,  Passive Perception 22","Common, Draconic","15 (13,000 XP)",Poison,Poisoned,,,
Adult Red Dragon,"Huge dragon, chaotic evil",19 (Natural Armor),256 (19d12 + 133),"40 ft., climb 40 ft., fly 80 ft. ",27,(+8),10,(+0),25,(+7),16,(+3),13,(+1),21,(+5),"DEX +6, CON +13, WIS +7, CHA +11","Perception +13, Stealth +6","Blindsight 60 ft., Darkvision 120 ft.,  Passive Perception 23","Common, Draconic","17 (18,000 XP)",Fire,,,,
Adult Silver Dragon,"Huge dragon, lawful good",19 (Natural Armor),243 (18d12 + 126),"40 ft., fly 80 ft. ",27,(+8),10,(+0),25,(+7),16,(+3),13,(+1),21,(+5),"DEX +5, CON +12, WIS +6, CHA +10","Arcana +8, History +8, Perception +11, Stealth +5","Blindsight 60 ft., Darkvision 120 ft.,  Passive Perception 21","Common, Draconic","16 (15,000 XP)",Cold,,,,
Adult White Dragon,"Huge dragon, chaotic evil",18 (Natural Armor),200 (16d12 + 96),"40 ft., burrow 30 ft., fly 80 ft., swim 40 ft. ",22,(+6),10,(+0),22,(+6),8,(-1),12,(+1),12,(+1),"DEX +5, CON +11, WIS +6, CHA +6","Perception +11, Stealth +5","Blindsight 60 ft., Darkvision 120 ft.,  Passive Perception 21","Common, Draconic","13 (10,000 XP)",Cold,,,,
Air Elemental,"Large elemental, neutral",15 ,90 (12d10 + 24),"0 ft., fly 90 ft. (hover) ",14,(+2),20,(+5),14,(+2),6,(-2),10,(+0),6,(-2),,,"Darkvision 60 ft.,  Passive Perception 10",Auran,"5 (1,800 XP)",Poison,"Exhaustion, Grappled, Paralyzed, Petrified, Poisoned, Prone, Restrained, Unconscious","Lightning, Thunder; Bludgeoning, Piercing, and Slashing from Nonmagical Attacks",,
Allosaurus,"Large beast, unaligned",13 Natural Armor,51 (6d10 + 18),60 ft. ,19,(+4),13,(+1),17,(+3),2,(-4),12,(+1),5,(-3),,Perception +5,Passive Perception 15,--,2 (450 XP),,,,,
Ancient Black Dragon,"Gargantuan dragon, chaotic evil",22 (Natural Armor),367 (21d20 + 147),"40 ft., fly 80 ft., swim 40 ft. ",27,(+8),14,(+2),25,(+7),16,(+3),15,(+2),19,(+4),"DEX +9, CON +14, WIS +9, CHA +11","Perception +16, Stealth +9","Blindsight 60 ft., Darkvision 120 ft.,  Passive Perception 26","Common, Draconic","21 (33,000 XP)",Acid,,,,
Ancient Blue Dragon,"Gargantuan dragon, lawful evil",22 (Natural Armor),481 (26d20 + 208),"40 ft., burrow 40 ft., fly 80 ft. ",29,(+9),10,(+0),27,(+8),18,(+4),17,(+3),21,(+5),"DEX +7, CON +15, WIS +10, CHA +12","Perception +17, Stealth +7","Blindsight 60 ft., Darkvision 120 ft.,  Passive Perception 27","Common, Draconic","23 (50,000 XP)",Lightning,,,,
Ancient Brass Dragon,"Gargantuan dragon, chaotic good",20 (Natural Armor),297 (17d20 + 119),"40 ft., burrow 40 ft., fly 80 ft. ",27,(+8),10,(+0),25,(+7),16,(+3),15,(+2),19,(+4),"DEX +6, CON +13, WIS +8, CHA +10","History +9, Perception +14, Persuasion +10, Stealth +6","Blindsight 60 ft., Darkvision 120 ft.,  Passive Perception 24","Common, Draconic","20 (25,000 XP)",Fire,,,,
Ancient Bronze Dragon,"Gargantuan dragon, lawful good",22 (Natural Armor),444 (24d20 + 192),"40 ft., fly 80 ft., swim 40 ft. ",29,(+9),10,(+0),27,(+8),18,(+4),17,(+3),21,(+5),"DEX +7, CON +15, WIS +10, CHA +12","Insight +10, Perception +17, Stealth +7","Blindsight 60 ft., Darkvision 120 ft.,  Passive Perception 27","Common, Draconic","22 (41,000 XP)",Lightning,,,,
Ancient Copper Dragon,"Gargantuan dragon, chaotic good",21 (Natural Armor),350 (20d20 + 140),"40 ft., climb 40 ft., fly 80 ft. ",27,(+8),12,(+1),25,(+7),20,(+5),17,(+3),19,(+4),"DEX +8, CON +14, WIS +10, CHA +11","Deception +11, Perception +17, Stealth +8","Blindsight 60 ft., Darkvision 120 ft.,  Passive Perception 27","Common, Draconic","21 (33,000 XP)",Acid,,,,
Ancient Gold Dragon,"Gargantuan dragon, lawful good",22 (Natural Armor),546 (28d20 + 252),"40 ft., fly 80 ft., swim 40 ft. ",30,(+10),14,(+2),29,(+9),18,(+4),17,(+3),28,(+9),"DEX +9, CON +16, WIS +10, CHA +16","Insight +10, Perception +17, Persuasion +16, Stealth +9","Blindsight 60 ft., Darkvision 120 ft.,  Passive Perception 27","Common, Draconic","24 (62,000 XP)",Fire,,,,
Ancient Green Dragon,"Gargantuan dragon, lawful evil",21 (Natural Armor),385 (22d20 + 154),"40 ft., fly 80 ft., swim 40 ft. ",27,(+8),12,(+1),25,(+7),20,(+5),17,(+3),19,(+4),"DEX +8, CON +14, WIS +10, CHA +11","Deception +11, Insight +10, Perception +17, Persuasion +11, Stealth +8","Blindsight 60 ft., Darkvision 120 ft.,  Passive Perception 27","Common, Draconic","22 (41,000 XP)",Poison,Poisoned,,,
Ancient Red Dragon,"Gargantuan dragon, chaotic evil",22 (Natural Armor),546 (28d20 + 252),"40 ft., climb 40 ft., fly 80 ft. ",30,(+10),10,(+0),29,(+9),18,(+4),15,(+2),23,(+6),"DEX +7, CON +16, WIS +9, CHA +13","Perception +16, Stealth +7","Blindsight 60 ft., Darkvision 120 ft.,  Passive Perception 26","Common, Draconic","24 (62,000 XP)",Fire,,,,
Ancient Silver Dragon,"Gargantuan dragon, lawful good",22 (Natural Armor),487 (25d20 + 225),"40 ft., fly 80 ft. ",30,(+10),10,(+0),29,(+9),18,(+4),15,(+2),23,(+6),"DEX +7, CON +16, WIS +9, CHA +13","Arcana +11, History +11, Perception +16, Stealth +7","Blindsight 60 ft., Darkvision 120 ft.,  Passive Perception 26","Common, Draconic","23 (50,000 XP)",Cold,,,,
Ancient White Dragon,"Gargantuan dragon, chaotic evil",20 (Natural Armor),333 (18d20 + 144),"40 ft., burrow 40 ft., fly 80 ft., swim 40 ft. ",26,(+8),10,(+0),26,(+8),10,(+0),13,(+1),14,(+2),"DEX +6, CON +14, WIS +7, CHA +8","Perception +13, Stealth +6","Blindsight 60 ft., Darkvision 120 ft.,  Passive Perception 23","Common, Draconic","20 (25,000 XP)",Cold,,,,
Androsphinx,"Large monstrosity, lawful neutral",17 (Natural Armor),199 (19d10 + 95),"40 ft., fly 60 ft. ",22,(+6),10,(+0),20,(+5),16,(+3),18,(+4),23,(+6),"DEX +6, CON +11, INT +9, WIS +10","Arcana +9, Perception +10, Religion +15","Truesight 120 ft.,  Passive Perception 20","Common, Sphinx","17 (18,000 XP)","Psychic; Bludgeoning, Piercing, and Slashing from Nonmagical Attacks","Charmed, Frightened",,,
Animated Armor,"Medium construct, unaligned",18 (Natural Armor),33 (6d8 + 6),25 ft. ,14,(+2),11,(+0),13,(+1),1,(-5),3,(-4),1,(-5),,,"Blindsight 60 ft.,  Passive Perception 6",--,1 (200 XP),"Poison, Psychic","Blinded, Charmed, Deafened, Exhaustion, Frightened, Paralyzed, Petrified, Poisoned",,,
Ankheg,"Large monstrosity, unaligned","14 (Natural Armor), 11 While Prone",39 (6d10 + 6),"30 ft., burrow 10 ft. ",17,(+3),11,(+0),13,(+1),1,(-5),13,(+1),6,(-2),,,"Darkvision 60 ft., Tremorsense 60 ft.,  Passive Perception 11",--,2 (450 XP),,,,,
Ankylosaurus,"Huge beast, unaligned",15 Natural,68 (8d12 + 16),30 ft. ,19,(+4),11,(+0),15,(+2),2,(-4),12,(+1),5,(-3),,,Passive Perception 11,--,3 (700 XP),,,,,
Ape,"Medium beast, unaligned",12 ,19 (3d8 + 6),"30 ft., climb 30 ft. ",16,(+3),14,(+2),14,(+2),6,(-2),12,(+1),7,(-2),,"Athletics +5, Perception +3",Passive Perception 13,--,1/2 (100 XP),,,,,
Archmage,"Medium humanoid, any",12 (15 With Mage Armor),99 (18d8 + 18),30 ft. ,10,(+0),14,(+2),12,(+1),20,(+5),15,(+2),16,(+3),"INT +9, WIS +6","Arcana +13, History +13",Passive Perception 12,Any six languages,"12 (8,400 XP)",,,,,
Assassin,"Medium humanoid, any",15 (Studded Leather),78 (12d8 + 24),30 ft. ,11,(+0),16,(+3),14,(+2),13,(+1),11,(+0),10,(+0),"DEX +6, INT +4","Acrobatics +6, Deception +3, Perception +3, Stealth +9",Passive Perception 13,Thieves' cant plus any two languages,"8 (3,900 XP)",,,Poison,,
Awakened Shrub,"Small plant, unaligned",9 ,10 (3d6),20 ft. ,3,(-4),8,(-1),11,(+0),10,(+0),10,(+0),6,(-2),,,Passive Perception 10,One language known by its creator,0 (10 XP),,,Piercing,Fire,
Awakened Tree,"Huge plant, unaligned",13 (Natural Armor),59 (7d12 + 14),20 ft. ,19,(+4),6,(-2),15,(+2),10,(+0),10,(+0),7,(-2),,,Passive Perception 10,One language known by its creator,2 (450 XP),,,"Bludgeoning, Piercing",Fire,
Axe Beak,"Large beast, unaligned",11 ,19 (3d10 + 3),50 ft. ,14,(+2),12,(+1),12,(+1),2,(-4),10,(+0),5,(-3),,,Passive Perception 10,--,1/4 (50 XP),,,,,
Azer,"Medium elemental, lawful neutral","17 (Natural Armor, Shield)",39 (6d8 + 12),30 ft. ,17,(+3),12,(+1),15,(+2),12,(+1),13,(+1),10,(+0),CON +4,,Passive Perception 11,Ignan,2 (450 XP),"Fire, Poison",Poisoned,,,
Baboon,"Small beast, unaligned",12 ,3 (1d6),"30 ft., climb 30 ft. ",8,(-1),14,(+2),11,(+0),4,(-3),12,(+1),6,(-2),,,Passive Perception 11,--,0 (10 XP),,,,,
Badger,"Tiny beast, unaligned",10 ,3 (1d4 + 1),"20 ft., burrow 5 ft. ",4,(-3),11,(+0),12,(+1),2,(-4),12,(+1),5,(-3),,,"Darkvision 30 ft.,  Passive Perception 11",--,0 (10 XP),,,,,
Balor,"Huge fiend, chaotic evil",19 (Natural Armor),262 (21d12 + 126),"40 ft., fly 80 ft. ",26,(+8),15,(+2),22,(+6),20,(+5),16,(+3),22,(+6),"STR +14, CON +12, WIS +9, CHA +12",,"Truesight 120 ft.,  Passive Perception 13","Abyssal, Telepathy 120 ft.","19 (22,000 XP)","Fire, Poison",Poisoned,"Cold, Lightning; Bludgeoning, Piercing, and Slashing from Nonmagical Attacks",,
Bandit,"Medium humanoid, any",12 (Leather Armor),11 (2d8 + 2),30 ft. ,11,(+0),12,(+1),12,(+1),10,(+0),10,(+0),10,(+0),,,Passive Perception 10,Any one language (usually Common),1/8 (25 XP),,,,,
Bandit Captain,"Medium humanoid, any",15 (Studded Leather),65 (10d8 + 20),30 ft. ,15,(+2),16,(+3),14,(+2),14,(+2),11,(+0),14,(+2),"STR +4, DEX +5, WIS +2","Athletics +4, Deception +4",Passive Perception 10,Any two languages,2 (450 XP),,,,,"<p><em><strong>Parry.</strong></em> The captain adds 2 to its AC against one melee attack that would hit it. To do so, the captain must see the attacker and be wielding a melee weapon.</p>"
Banshee,"Medium undead, chaotic evil",12 ,58 (13d8),"40 ft., (hover), walking 0 ft. ",1,(-5),14,(+2),10,(+0),12,(+1),11,(+0),17,(+3),"WIS +2, CHA +5",,"Darkvision 60 ft.,  Passive Perception 10","Common, Elvish","4 (1,100 XP)","Cold, Necrotic, Poison","Charmed, Exhaustion, Frightened, Grappled, Paralyzed, Petrified, Poisoned, Prone, Restrained","Acid, Fire, Lightning, Thunder; Bludgeoning, Piercing, and Slashing from Nonmagical Attacks",,
Barbed Devil,"Medium fiend, lawful evil",15 (Natural Armor),110 (13d8 + 52),30 ft. ,16,(+3),17,(+3),18,(+4),12,(+1),14,(+2),14,(+2),"STR +6, CON +7, WIS +5, CHA +5","Deception +5, Insight +5, Perception +8","Darkvision 120 ft.,  Passive Perception 18","Infernal, Telepathy 120 ft.","5 (1,800 XP)","Fire, Poison",Poisoned,"Cold; Bludgeoning, Piercing, and Slashing from Nonmagical Attacks that aren't Silvered",,
Basilisk,"Medium monstrosity, unaligned",15 (Natural Armor),52 (8d8 + 16),20 ft. ,16,(+3),8,(-1),15,(+2),2,(-4),8,(-1),7,(-2),,,"Darkvision 60 ft.,  Passive Perception 9",--,3 (700 XP),,,,,
Bat,"Tiny beast, unaligned",12 ,1 (1d4 - 1),"5 ft., fly 30 ft. ",2,(-4),15,(+2),8,(-1),2,(-4),12,(+1),4,(-3),,,"Blindsight 60 ft.,  Passive Perception 11",--,0 (10 XP),,,,,
Bearded Devil,"Medium fiend, lawful evil",13 (Natural Armor),52 (8d8 + 16),30 ft. ,16,(+3),15,(+2),15,(+2),9,(-1),11,(+0),11,(+0),"STR +5, CON +4, WIS +2",,"Darkvision 120 ft.,  Passive Perception 10","Infernal, Telepathy 120 ft.",3 (700 XP),"Fire, Poison",Poisoned,"Cold; Bludgeoning, Piercing, and Slashing from Nonmagical Attacks that aren't Silvered",,
Behir,"Huge monstrosity, neutral evil",17 (Natural Armor),168 (16d12 + 64),"50 ft., climb 40 ft. ",23,(+6),16,(+3),18,(+4),7,(-2),14,(+2),12,(+1),,"Perception +6, Stealth +7","Darkvision 90 ft.,  Passive Perception 16",Draconic,"11 (7,200 XP)",Lightning,,,,
Berserker,"Medium humanoid, any",13 (Hide Armor),67 (9d8 + 27),30 ft. ,16,(+3),12,(+1),17,(+3),9,(-1),11,(+0),9,(-1),,,Passive Perception 10,Any one language (usually Common),2 (450 XP),,,,,
Black Bear,"Medium beast, unaligned",11 (Natural Armor),19 (3d8 + 6),"40 ft., climb 30 ft. ",15,(+2),10,(+0),14,(+2),2,(-4),12,(+1),7,(-2),,Perception +3,Passive Perception 13,--,1/2 (100 XP),,,,,
Black Dragon Wyrmling,"Medium dragon, chaotic evil",17 (Natural Armor),33 (6d8 + 6),"30 ft., fly 60 ft., swim 30 ft. ",15,(+2),14,(+2),13,(+1),10,(+0),11,(+0),13,(+1),"DEX +4, CON +3, WIS +2, CHA +3","Perception +4, Stealth +4","Blindsight 10 ft., Darkvision 60 ft.,  Passive Perception 14",Draconic,2 (450 XP),Acid,,,,
Black Pudding,"Large ooze, unaligned",7 ,85 (10d10 + 30),"20 ft., climb 20 ft. ",16,(+3),5,(-3),16,(+3),1,(-5),6,(-2),1,(-5),,,"Blindsight 60 ft.,  Passive Perception 8",--,"4 (1,100 XP)","Acid, Cold, Lightning, Slashing","Blinded, Charmed, Deafened, Exhaustion, Frightened, Prone",,,"<p><em><strong>Split.</strong></em> When a pudding that is Medium or larger is subjected to lightning or slashing damage, it splits into two new puddings if it has at least 10 hit points. Each new pudding has hit points equal to half the original pudding's, rounded down. New puddings are one size smaller than the original pudding.</p>"
Blink Dog,"Medium fey, lawful good",13 ,22 (4d8 + 4),40 ft. ,12,(+1),17,(+3),12,(+1),10,(+0),13,(+1),11,(+0),,"Perception +3, Stealth +5",Passive Perception 13,Blink Dog  Understands Sylvan but can't speak it,1/4 (50 XP),,,,,
Blood Hawk,"Small beast, unaligned",12 ,7 (2d6),"10 ft., fly 60 ft. ",6,(-2),14,(+2),10,(+0),3,(-4),14,(+2),5,(-3),,Perception +4,Passive Perception 14,--,1/8 (25 XP),,,,,
Blue Dragon Wyrmling,"Medium dragon, lawful evil",17 (Natural Armor),52 (8d8 + 16),"30 ft., burrow 15 ft., fly 60 ft. ",17,(+3),10,(+0),15,(+2),12,(+1),11,(+0),15,(+2),"DEX +2, CON +4, WIS +2, CHA +4","Perception +4, Stealth +2","Blindsight 10 ft., Darkvision 60 ft.,  Passive Perception 14",Draconic,3 (700 XP),Lightning,,,,
Boar,"Medium beast, unaligned",11 (Natural Armor),11 (2d8 + 2),40 ft. ,13,(+1),11,(+0),12,(+1),2,(-4),9,(-1),5,(-3),,,Passive Perception 9,--,1/4 (50 XP),,,,,
Bone Devil,"Large fiend, lawful evil",19 (Natural Armor),142 (15d10 + 60),"40 ft., fly 40 ft. ",18,(+4),16,(+3),18,(+4),13,(+1),14,(+2),16,(+3),"INT +5, WIS +6, CHA +7","Deception +7, Insight +6","Darkvision 120 ft.,  Passive Perception 12","Infernal, Telepathy 120 ft.","9 (5,000 XP)","Fire, Poison",Poisoned,"Cold; Bludgeoning, Piercing, and Slashing from Nonmagical Attacks that aren't Silvered",,
Brass Dragon Wyrmling,"Medium dragon, chaotic good",16 (Natural Armor),16 (3d8 + 3),"30 ft., burrow 15 ft., fly 60 ft. ",15,(+2),10,(+0),13,(+1),10,(+0),11,(+0),13,(+1),"DEX +2, CON +3, WIS +2, CHA +3","Perception +4, Stealth +2","Blindsight 10 ft., Darkvision 60 ft.,  Passive Perception 14",Draconic,1 (200 XP),Fire,,,,
Bronze Dragon Wyrmling,"Medium dragon, lawful good",17 (Natural Armor),32 (5d8 + 10),"30 ft., fly 60 ft., swim 30 ft. ",17,(+3),10,(+0),15,(+2),12,(+1),11,(+0),15,(+2),"DEX +2, CON +4, WIS +2, CHA +4","Perception +4, Stealth +2","Blindsight 10 ft., Darkvision 60 ft.,  Passive Perception 14",Draconic,2 (450 XP),Lightning,,,,
Brown Bear,"Large beast, unaligned",11 (Natural Armor),34 (4d10 + 12),"40 ft., climb 30 ft. ",19,(+4),10,(+0),16,(+3),2,(-4),13,(+1),7,(-2),,Perception +3,Passive Perception 13,--,1 (200 XP),,,,,
Bugbear,"Medium humanoid, chaotic evil","16 (Hide Armor, Shield)",27 (5d8 + 5),30 ft. ,15,(+2),14,(+2),13,(+1),8,(-1),11,(+0),9,(-1),,"Stealth +6, Survival +2","Darkvision 60 ft.,  Passive Perception 10","Common, Goblin",1 (200 XP),,,,,
Bulette,"Large monstrosity, unaligned",17 (Natural Armor),94 (9d10 + 45),"40 ft., burrow 40 ft. ",19,(+4),11,(+0),21,(+5),2,(-4),10,(+0),5,(-3),,Perception +6,"Darkvision 60 ft., Tremorsense 60 ft.,  Passive Perception 16",--,"5 (1,800 XP)",,,,,
Camel,"Large beast, unaligned",9 ,15 (2d10 + 4),50 ft. ,16,(+3),8,(-1),14,(+2),2,(-4),8,(-1),5,(-3),,,Passive Perception 9,--,1/8 (25 XP),,,,,
Cat,"Tiny beast, unaligned",12 ,2 (1d4),"40 ft., climb 30 ft. ",3,(-4),15,(+2),10,(+0),3,(-4),12,(+1),7,(-2),,"Perception +3, Stealth +4",Passive Perception 13,--,0 (10 XP),,,,,
Centaur,"Large monstrosity, neutral good",12 ,45 (6d10 + 12),50 ft. ,18,(+4),14,(+2),14,(+2),9,(-1),13,(+1),11,(+0),,"Athletics +6, Perception +3, Survival +3",Passive Perception 13,"Elvish, Sylvan",2 (450 XP),,,,,
Chain Devil,"Medium fiend, lawful evil",16 (Natural Armor),85 (10d8 + 40),30 ft. ,18,(+4),15,(+2),18,(+4),11,(+0),12,(+1),14,(+2),"CON +7, WIS +4, CHA +5",,"Darkvision 120 ft.,  Passive Perception 11","Infernal, Telepathy 120 ft.","8 (3,900 XP)","Fire, Poison",Poisoned,"Cold; Bludgeoning, Piercing, and Slashing from Nonmagical Attacks that aren't Silvered",,"<p><em><strong>Unnerving Mask.</strong></em> When a creature the devil can see starts its turn within 30 feet of the devil, the devil can create the illusion that it looks like one of the creature's departed loved ones or bitter enemies. If the creature can see the devil, it must succeed on a DC 14 Wisdom saving throw or be frightened until the end of its turn.</p>"
Chimera,"Large monstrosity, chaotic evil",14 (Natural Armor),114 (12d10 + 48),"30 ft., fly 60 ft. ",19,(+4),11,(+0),19,(+4),3,(-4),14,(+2),10,(+0),,Perception +8,"Darkvision 60 ft.,  Passive Perception 18",Understands Draconic but can't speak  it,"6 (2,300 XP)",,,,,
Chuul,"Large aberration, chaotic evil",16 (Natural Armor),93 (11d10 + 33),"30 ft., swim 30 ft. ",19,(+4),10,(+0),16,(+3),5,(-3),11,(+0),5,(-3),,Perception +4,"Darkvision 60 ft.,  Passive Perception 14",Understands Deep Speech but can't speak,"4 (1,100 XP)",Poison,Poisoned,,,
Clay Golem,"Large construct, unaligned",14 (Natural Armor),133 (14d10 + 56),20 ft. ,20,(+5),9,(-1),18,(+4),3,(-4),8,(-1),1,(-5),,,"Darkvision 60 ft.,  Passive Perception 9",Understands the languages of its creator but can't speak,"9 (5,000 XP)","Acid, Poison, Psychic; Bludgeoning, Piercing, and Slashing from Nonmagical Attacks that aren't Adamantine","Charmed, Exhaustion, Frightened, Paralyzed, Petrified, Poisoned",,,
Cloaker,"Large aberration, chaotic neutral",14 (Natural Armor),78 (12d10 + 12),"10 ft., fly 40 ft. ",17,(+3),15,(+2),12,(+1),13,(+1),12,(+1),14,(+2),,Stealth +5,"Darkvision 60 ft.,  Passive Perception 11","Deep Speech, Undercommon","8 (3,900 XP)",,,,,
Cloud Giant,"Huge giant, neutral",14 (Natural Armor),200 (16d12 + 96),40 ft. ,27,(+8),10,(+0),22,(+6),12,(+1),16,(+3),16,(+3),"CON +10, WIS +7, CHA +7","Insight +7, Perception +7",Passive Perception 17,"Common, Giant","9 (5,000 XP)",,,,,
Cockatrice,"Small monstrosity, unaligned",11 ,27 (6d6 + 6),"20 ft., fly 40 ft. ",6,(-2),12,(+1),12,(+1),2,(-4),13,(+1),5,(-3),,,"Darkvision 60 ft.,  Passive Perception 11",--,1/2 (100 XP),,,,,
Commoner,"Medium humanoid, any",10 ,4 (1d8),30 ft. ,10,(+0),10,(+0),10,(+0),10,(+0),10,(+0),10,(+0),,,Passive Perception 10,Any one language (usually Common),0 (10 XP),,,,,
Constrictor Snake,"Large beast, unaligned",12 ,13 (2d10 + 2),"30 ft., swim 30 ft. ",15,(+2),14,(+2),12,(+1),1,(-5),10,(+0),3,(-4),,,"Blindsight 10 ft.,  Passive Perception 10",--,1/4 (50 XP),,,,,
Copper Dragon Wyrmling,"Medium dragon, chaotic good",16 (Natural Armor),22 (4d8 + 4),"30 ft., climb 30 ft., fly 60 ft. ",15,(+2),12,(+1),13,(+1),14,(+2),11,(+0),13,(+1),"DEX +3, CON +3, WIS +2, CHA +3","Perception +4, Stealth +3","Blindsight 10 ft., Darkvision 60 ft.,  Passive Perception 14",Draconic,1 (200 XP),Acid,,,,
Couatl,"Medium celestial, lawful good",19 (Natural Armor),97 (13d8 + 39),"30 ft., fly 90 ft. ",16,(+3),20,(+5),17,(+3),18,(+4),20,(+5),18,(+4),"CON +5, WIS +7, CHA +6",,"Truesight 120 ft.,  Passive Perception 15","All, Telepathy 120 ft.","4 (1,100 XP)","Psychic; Bludgeoning, Piercing, and Slashing from Nonmagical Attacks",,Radiant,,
Crab,"Tiny beast, unaligned",11 (Natural Armor),2 (1d4),"20 ft., swim 20 ft. ",2,(-4),11,(+0),10,(+0),1,(-5),8,(-1),2,(-4),,Stealth +2,"Blindsight 30 ft.,  Passive Perception 9",--,0 (10 XP),,,,,
Crocodile,"Large beast, unaligned",12 (Natural Armor),19 (3d10 + 3),"20 ft., swim 30 ft. ",15,(+2),10,(+0),13,(+1),2,(-4),10,(+0),5,(-3),,Stealth +2,Passive Perception 10,--,1/2 (100 XP),,,,,
Cult Fanatic,"Medium humanoid, any",13 (Leather Armor),33 (6d8 + 6),30 ft. ,11,(+0),14,(+2),12,(+1),10,(+0),13,(+1),14,(+2),,"Deception +4, Persuasion +4, Religion +2",Passive Perception 11,Any one language (usually Common),2 (450 XP),,,,,
Cultist,"Medium humanoid, any",12 (Leather Armor),9 (2d8),30 ft. ,11,(+0),12,(+1),10,(+0),10,(+0),11,(+0),10,(+0),,"Deception +2, Religion +2",Passive Perception 10,Any one language (usually Common),1/8 (25 XP),,,,,
Cyclops,"Huge giant, chaotic neutral",14 Natural Armor,138 (12d12 + 60),30 ft. ,22,(+6),11,(+0),20,(+5),8,(-1),6,(-2),10,(+0),,,Passive Perception 8,Giant,"6 (2,300 XP)",,,,,
Darkmantle,"Small monstrosity, unaligned",11 ,22 (5d6 + 5),"10 ft., fly 30 ft. ",16,(+3),12,(+1),13,(+1),2,(-4),10,(+0),5,(-3),,Stealth +3,"Blindsight 60 ft.,  Passive Perception 10",--,1/2 (100 XP),,,,,
Death Dog,"Medium monstrosity, neutral evil",12 ,39 (6d8 + 12),40 ft. ,15,(+2),14,(+2),14,(+2),3,(-4),13,(+1),6,(-2),,"Perception +5, Stealth +4","Darkvision 120 ft.,  Passive Perception 15",--,1 (200 XP),,,,,
Deep Gnome (Svirfneblin),"Small humanoid, neutral good",15 (Chain Shirt),16 (3d6 + 6),20 ft. ,15,(+2),14,(+2),14,(+2),12,(+1),10,(+0),9,(-1),,"Investigation +3, Perception +2, Stealth +4","Darkvision 120 ft.,  Passive Perception 12","Gnomish, Terran, Undercommon",1/2 (100 XP),,,,,
Deer,"Medium beast, unaligned",13 ,4 (1d8),50 ft. ,11,(+0),16,(+3),11,(+0),2,(-4),14,(+2),5,(-3),,,Passive Perception 12,--,0 (10 XP),,,,,
Deva,"Medium celestial, lawful good",17 (Natural Armor),136 (16d8 + 64),"30 ft., fly 90 ft. ",18,(+4),18,(+4),18,(+4),17,(+3),20,(+5),20,(+5),"WIS +9, CHA +9","Insight +9, Perception +9","Darkvision 120 ft.,  Passive Perception 19","All, Telepathy 120 ft.","10 (5,900 XP)",,"Charmed, Exhaustion, Frightened","Radiant; Bludgeoning, Piercing, and Slashing from Nonmagical Attacks",,
Dire Wolf,"Large beast, unaligned",14 (Natural Armor),37 (5d10 + 10),50 ft. ,17,(+3),15,(+2),15,(+2),3,(-4),12,(+1),7,(-2),,"Perception +3, Stealth +4",Passive Perception 13,--,1 (200 XP),,,,,
Djinni,"Large elemental, chaotic good",17 (Natural Armor),161 (14d10 + 84),"30 ft., fly 90 ft. ",21,(+5),15,(+2),22,(+6),15,(+2),16,(+3),20,(+5),"DEX +6, WIS +7, CHA +9",,"Darkvision 120 ft.,  Passive Perception 13",Auran,"11 (7,200 XP)","Lightning, Thunder",,,,
Doppelganger,"Medium monstrosity, neutral",14 ,52 (8d8 + 16),30 ft. ,11,(+0),18,(+4),14,(+2),11,(+0),12,(+1),14,(+2),,"Deception +6, Insight +3","Darkvision 60 ft.,  Passive Perception 11",Common,3 (700 XP),,Charmed,,,
Draft Horse,"Large beast, unaligned",10 ,19 (3d10 + 3),40 ft. ,18,(+4),10,(+0),12,(+1),2,(-4),11,(+0),7,(-2),,,Passive Perception 10,--,1/4 (50 XP),,,,,
Dragon Turtle,"Gargantuan dragon, neutral",20 (Natural Armor),341 (22d20 + 110),"20 ft., swim 40 ft. ",25,(+7),10,(+0),20,(+5),10,(+0),12,(+1),12,(+1),"DEX +6, CON +11, WIS +7",,"Darkvision 120 ft.,  Passive Perception 11","Aquan, Draconic","17 (18,000 XP)",,,Fire,,
Dretch,"Small fiend, chaotic evil",11 (Natural Armor),18 (4d6 + 4),20 ft. ,11,(+0),11,(+0),12,(+1),5,(-3),8,(-1),3,(-4),,,"Darkvision 60 ft.,  Passive Perception 9","Abyssal, Telepathy 60 ft.",1/4 (50 XP),Poison,Poisoned,"Cold, Fire, Lightning",,
Drider,"Large monstrosity, chaotic evil",19 (Natural Armor),123 (13d10 + 52),"30 ft., climb 30 ft. ",16,(+3),16,(+3),18,(+4),13,(+1),14,(+2),12,(+1),,"Perception +5, Stealth +9","Darkvision 120 ft.,  Passive Perception 15","Elvish, Undercommon","6 (2,300 XP)",,,,,
Drow,"Medium humanoid, neutral evil",15 (Chain Shirt),13 (3d8),30 ft. ,10,(+0),14,(+2),10,(+0),11,(+0),11,(+0),12,(+1),,"Perception +2, Stealth +4","Darkvision 120 ft.,  Passive Perception 12","Elvish, Undercommon",1/4 (50 XP),,,,,
Druid,"Medium humanoid, any",11 (16 With Barkskin),27 (5d8 + 5),30 ft. ,10,(+0),12,(+1),13,(+1),12,(+1),15,(+2),11,(+0),,"Medicine +4, Nature +3, Perception +4",Passive Perception 14,Druidic plus any two languages,2 (450 XP),,,,,
Dryad,"Medium fey, neutral",11 (16 With Barkskin),22 (5d8),30 ft. ,10,(+0),12,(+1),11,(+0),14,(+2),15,(+2),18,(+4),,"Perception +4, Stealth +5","Darkvision 60 ft.,  Passive Perception 14","Elvish, Sylvan",1 (200 XP),,,,,
Duergar,"Medium humanoid, lawful evil","16 (Scale Mail, Shield)",26 (4d8 + 8),25 ft. ,14,(+2),11,(+0),14,(+2),11,(+0),10,(+0),9,(-1),,,"Darkvision 120 ft.,  Passive Perception 10","Dwarvish, Undercommon",1 (200 XP),,,Poison,,
Dust Mephit,"Small elemental, neutral evil",12 ,17 (5d6),"30 ft., fly 30 ft. ",5,(-3),14,(+2),10,(+0),9,(-1),11,(+0),10,(+0),,"Perception +2, Stealth +4","Darkvision 60 ft.,  Passive Perception 12","Auran, Terran",1/2 (100 XP),Poison,Poisoned,,Fire,
Eagle,"Small beast, unaligned",12 ,3 (1d6),"10 ft., fly 60 ft. ",6,(-2),15,(+2),10,(+0),2,(-4),14,(+2),7,(-2),,Perception +4,Passive Perception 14,--,0 (10 XP),,,,,
Earth Elemental,"Large elemental, neutral",17 (Natural Armor),126 (12d10 + 60),"30 ft., burrow 30 ft. ",20,(+5),8,(-1),20,(+5),5,(-3),10,(+0),5,(-3),,,"Darkvision 60 ft., Tremorsense 60 ft.,  Passive Perception 10",Terran,"5 (1,800 XP)",Poison,"Exhaustion, Paralyzed, Petrified, Poisoned, Unconscious","Bludgeoning, Piercing, and Slashing from Nonmagical Attacks",Thunder,
Efreeti,"Large elemental, lawful evil",17 (Natural Armor),200 (16d10 + 112),"40 ft., fly 60 ft. ",22,(+6),12,(+1),24,(+7),16,(+3),15,(+2),16,(+3),"INT +7, WIS +6, CHA +7",,"Darkvision 120 ft.,  Passive Perception 12",Ignan,"11 (7,200 XP)",Fire,,,,
Elephant,"Huge beast, unaligned",12 (Natural Armor),76 (8d12 + 24),40 ft. ,22,(+6),9,(-1),17,(+3),3,(-4),11,(+0),6,(-2),,,Passive Perception 10,--,"4 (1,100 XP)",,,,,
Elk,"Large beast, unaligned",10 ,13 (2d10 + 2),50 ft. ,16,(+3),10,(+0),12,(+1),2,(-4),10,(+0),6,(-2),,,Passive Perception 10,--,1/4 (50 XP),,,,,
Erinyes,"Medium fiend, lawful evil",18 (Plate),153 (18d8 + 72),"30 ft., fly 60 ft. ",18,(+4),16,(+3),18,(+4),14,(+2),14,(+2),18,(+4),"DEX +7, CON +8, WIS +6, CHA +8",,"Truesight 120 ft.,  Passive Perception 12","Infernal, Telepathy 120 ft.","12 (8,400 XP)","Fire, Poison",Poisoned,"Cold; Bludgeoning, Piercing, and Slashing from Nonmagical Attacks that aren't Silvered",,"<p><em><strong>Parry.</strong></em> The erinyes adds 4 to its AC against one melee attack that would hit it. To do so, the erinyes must see the attacker and be wielding a melee weapon.</p>"
Ettercap,"Medium monstrosity, neutral evil",13 (Natural Armor),44 (8d8 + 8),"30 ft., climb 30 ft. ",14,(+2),15,(+2),13,(+1),7,(-2),12,(+1),8,(-1),,"Perception +3, Stealth +4, Survival +3","Darkvision 60 ft.,  Passive Perception 13",--,2 (450 XP),,,,,
Ettin,"Large giant, chaotic evil",12 (Natural Armor),85 (10d10 + 30),40 ft. ,21,(+5),8,(-1),17,(+3),6,(-2),10,(+0),8,(-1),,Perception +4,"Darkvision 60 ft.,  Passive Perception 14","Giant, Orc","4 (1,100 XP)",,,,,
Fire Elemental,"Large elemental, neutral",13 ,102 (12d10 + 36),50 ft. ,10,(+0),17,(+3),16,(+3),6,(-2),10,(+0),7,(-2),,,"Darkvision 60 ft.,  Passive Perception 10",Ignan,"5 (1,800 XP)","Fire, Poison","Exhaustion, Grappled, Paralyzed, Petrified, Poisoned, Prone, Restrained, Unconscious","Bludgeoning, Piercing, and Slashing from Nonmagical Attacks",,
Fire Giant,"Huge giant, lawful evil",18 (Plate),162 (13d12 + 78),30 ft. ,25,(+7),9,(-1),23,(+6),10,(+0),14,(+2),13,(+1),"DEX +3, CON +10, CHA +5","Athletics +11, Perception +6",Passive Perception 16,Giant,"9 (5,000 XP)",Fire,,,,
Flameskull,"Tiny undead, neutral evil",13 ,40 (9d4 + 18),"0 ft., fly 40 ft. (hover) ",1,(-5),17,(+3),14,(+2),16,(+3),10,(+0),11,(+0),,"Arcana +5, Perception +2","Darkvision 60 ft.,  Passive Perception 12",Common,"4 (1,100 XP)","Cold, Fire, Poison","Charmed, Frightened, Paralyzed, Poisoned, Prone","Lightning, Necrotic, Piercing",,
Flesh Golem,"Medium construct, neutral",9 ,93 (11d8 + 44),30 ft. ,19,(+4),9,(-1),18,(+4),6,(-2),10,(+0),5,(-3),,,"Darkvision 60 ft.,  Passive Perception 10",Understands the languages of its creator but can't speak,"5 (1,800 XP)","Lightning, Poison; Bludgeoning, Piercing, and Slashing from Nonmagical Attacks that aren't Adamantine","Charmed, Exhaustion, Frightened, Paralyzed, Petrified, Poisoned",,,
Flying Snake,"Tiny beast, unaligned",14 ,5 (2d4),"30 ft., fly 60 ft., swim 30 ft. ",4,(-3),18,(+4),11,(+0),2,(-4),12,(+1),5,(-3),,,"Blindsight 10 ft.,  Passive Perception 11",--,1/8 (25 XP),,,,,
Flying Sword,"Small construct, unaligned",17 (Natural Armor),17 (5d6),"0 ft., fly 50 ft. (hover) ",12,(+1),15,(+2),11,(+0),1,(-5),5,(-3),1,(-5),DEX +4,,"Blindsight 60 ft.,  Passive Perception 7",--,1/4 (50 XP),"Poison, Psychic","Blinded, Charmed, Deafened, Frightened, Paralyzed, Petrified, Poisoned",,,
Frog,"Tiny beast, unaligned",11 ,1 (1d4 - 1),"20 ft., swim 20 ft. ",1,(-5),13,(+1),8,(-1),1,(-5),8,(-1),3,(-4),,"Perception +1, Stealth +3","Darkvision 30 ft.,  Passive Perception 11",--,0 (10 XP),,,,,
Frost Giant,"Huge giant, neutral evil",15 (Patchwork Armor),138 (12d12 + 60),40 ft. ,23,(+6),9,(-1),21,(+5),9,(-1),10,(+0),12,(+1),"CON +8, WIS +3, CHA +4","Athletics +9, Perception +3",Passive Perception 13,Giant,"8 (3,900 XP)",Cold,,,,
Gargoyle,"Medium elemental, chaotic evil",15 (Natural Armor),52 (7d8 + 21),"30 ft., fly 60 ft. ",15,(+2),11,(+0),16,(+3),6,(-2),11,(+0),7,(-2),,,"Darkvision 60 ft.,  Passive Perception 10",Terran,2 (450 XP),Poison,"Exhaustion, Petrified, Poisoned","Bludgeoning, Piercing, and Slashing from Nonmagical Attacks that aren't Adamantine",,
Gelatinous Cube,"Large ooze, unaligned",6 ,84 (8d10 + 40),15 ft. ,14,(+2),3,(-4),20,(+5),1,(-5),6,(-2),1,(-5),,,"Blindsight 60 ft.,  Passive Perception 8",--,2 (450 XP),,"Blinded, Charmed, Deafened, Exhaustion, Frightened, Prone",,,
Ghast,"Medium undead, chaotic evil",13 ,36 (8d8),30 ft. ,16,(+3),17,(+3),10,(+0),11,(+0),10,(+0),8,(-1),,,"Darkvision 60 ft.,  Passive Perception 10",Common,2 (450 XP),Poison,"Charmed, Exhaustion, Poisoned",Necrotic,,
Ghost,"Medium undead, any",11 ,45 (10d8),"0 ft., fly 40 ft. (hover) ",7,(-2),13,(+1),10,(+0),10,(+0),12,(+1),17,(+3),,,"Darkvision 60 ft.,  Passive Perception 11",Any languages it knew in life,"4 (1,100 XP)","Cold, Necrotic, Poison","Charmed, Exhaustion, Frightened, Grappled, Paralyzed, Petrified, Poisoned, Prone, Restrained","Acid, Fire, Lightning, Thunder; Bludgeoning, Piercing, and Slashing from Nonmagical Attacks",,
Ghoul,"Medium undead, chaotic evil",12 ,22 (5d8),30 ft. ,13,(+1),15,(+2),10,(+0),7,(-2),10,(+0),6,(-2),,,"Darkvision 60 ft.,  Passive Perception 10",Common,1 (200 XP),Poison,"Charmed, Exhaustion, Poisoned",,,
Giant Ape,"Huge beast, unaligned",12 ,157 (15d12 + 60),"40 ft., climb 40 ft. ",23,(+6),14,(+2),18,(+4),7,(-2),12,(+1),7,(-2),,"Athletics +9, Perception +4",Passive Perception 14,--,"7 (2,900 XP)",,,,,
Giant Badger,"Medium beast, unaligned",10 ,13 (2d8 + 4),"30 ft., burrow 10 ft. ",13,(+1),10,(+0),15,(+2),2,(-4),12,(+1),5,(-3),,,"Darkvision 30 ft.,  Passive Perception 11",--,1/4 (50 XP),,,,,
Giant Bat,"Large beast, unaligned",13 ,22 (4d10),"10 ft., fly 60 ft. ",15,(+2),16,(+3),11,(+0),2,(-4),12,(+1),6,(-2),,,"Blindsight 60 ft.,  Passive Perception 11",--,1/4 (50 XP),,,,,
Giant Boar,"Large beast, unaligned",12 (Natural Armor),42 (5d10 + 15),40 ft. ,17,(+3),10,(+0),16,(+3),2,(-4),7,(-2),5,(-3),,,Passive Perception 8,--,2 (450 XP),,,,,
Giant Centipede,"Small beast, unaligned",13 (Natural Armor),4 (1d6 + 1),"30 ft., climb 30 ft. ",5,(-3),14,(+2),12,(+1),1,(-5),7,(-2),3,(-4),,,"Blindsight 30 ft.,  Passive Perception 8",--,1/4 (50 XP),,,,,
Giant Constrictor Snake,"Huge beast, unaligned",12 ,60 (8d12 + 8),"30 ft., swim 30 ft. ",19,(+4),14,(+2),12,(+1),1,(-5),10,(+0),3,(-4),,Perception +2,"Blindsight 10 ft.,  Passive Perception 12",--,2 (450 XP),,,,,
Giant Crab,"Medium beast, unaligned",15 (Natural Armor),13 (3d8),"30 ft., swim 30 ft. ",13,(+1),15,(+2),11,(+0),1,(-5),9,(-1),3,(-4),,Stealth +4,"Blindsight 30 ft.,  Passive Perception 9",--,1/8 (25 XP),,,,,
Giant Crocodile,"Huge beast, unaligned",14 (Natural Armor),85 (9d12 + 27),"30 ft., swim 50 ft. ",21,(+5),9,(-1),17,(+3),2,(-4),10,(+0),7,(-2),,Stealth +5,Passive Perception 10,--,"5 (1,800 XP)",,,,,
Giant Eagle,"Large beast, neutral good",13 ,26 (4d10 + 4),"10 ft., fly 80 ft. ",16,(+3),17,(+3),13,(+1),8,(-1),14,(+2),10,(+0),,Perception +4,Passive Perception 14,Giant Eagle  understands Common and Auran but can't speak them,1 (200 XP),,,,,
Giant Elk,"Huge beast, unaligned",14 (Natural Armor),42 (5d12 + 10),60 ft. ,19,(+4),16,(+3),14,(+2),7,(-2),14,(+2),10,(+0),,Perception +4,Passive Perception 14,"Elvish, Giant Elk  and Sylvan but can't speak them",2 (450 XP),,,,,
Giant Fire Beetle,"Small beast, unaligned",13 (Natural Armor),4 (1d6 + 1),30 ft. ,8,(-1),10,(+0),12,(+1),1,(-5),7,(-2),3,(-4),,,"Blindsight 30 ft.,  Passive Perception 8",--,0 (10 XP),,,,,
Giant Frog,"Medium beast, unaligned",11 ,18 (4d8),"30 ft., swim 30 ft. ",12,(+1),13,(+1),11,(+0),2,(-4),10,(+0),3,(-4),,"Perception +2, Stealth +3","Darkvision 30 ft.,  Passive Perception 12",--,1/4 (50 XP),,,,,
Giant Goat,"Large beast, unaligned",11 (Natural Armor),19 (3d10 + 3),40 ft. ,17,(+3),11,(+0),12,(+1),3,(-4),12,(+1),6,(-2),,,Passive Perception 11,--,1/2 (100 XP),,,,,
Giant Hyena,"Large beast, unaligned",12 ,45 (6d10 + 12),50 ft. ,16,(+3),14,(+2),14,(+2),2,(-4),12,(+1),7,(-2),,Perception +3,Passive Perception 13,--,1 (200 XP),,,,,
Giant Lizard,"Large beast, unaligned",12 (Natural Armor),19 (3d10 + 3),"30 ft., climb 30 ft. ",15,(+2),12,(+1),13,(+1),2,(-4),10,(+0),5,(-3),,,"Darkvision 30 ft.,  Passive Perception 10",--,1/4 (50 XP),,,,,
Giant Octopus,"Large beast, unaligned",11 ,52 (8d10 + 8),"10 ft., swim 60 ft. ",17,(+3),13,(+1),13,(+1),4,(-3),10,(+0),4,(-3),,"Perception +4, Stealth +5","Darkvision 60 ft.,  Passive Perception 14",--,1 (200 XP),,,,,
Giant Owl,"Large beast, neutral",12 ,19 (3d10 + 3),"5 ft., fly 60 ft. ",13,(+1),15,(+2),12,(+1),8,(-1),13,(+1),10,(+0),,"Perception +5, Stealth +4","Darkvision 120 ft.,  Passive Perception 15","Elvish, Giant Owl  and Sylvan but can't speak them",1/4 (50 XP),,,,,
Giant Poisonous Snake,"Medium beast, unaligned",14 ,11 (2d8 + 2),"30 ft., swim 30 ft. ",10,(+0),18,(+4),13,(+1),2,(-4),10,(+0),3,(-4),,Perception +2,"Blindsight 10 ft.,  Passive Perception 12",--,1/4 (50 XP),,,,,
Giant Rat,"Small beast, unaligned",12 ,7 (2d6),30 ft. ,7,(-2),15,(+2),11,(+0),2,(-4),10,(+0),4,(-3),,,"Darkvision 60 ft.,  Passive Perception 10",--,1/8 (25 XP),,,,,
Giant Scorpion,"Large beast, unaligned",15 (Natural Armor),52 (7d10 + 14),40 ft. ,15,(+2),13,(+1),15,(+2),1,(-5),9,(-1),3,(-4),,,"Blindsight 60 ft.,  Passive Perception 9",--,3 (700 XP),,,,,
Giant Sea Horse,"Large beast, unaligned",13 (Natural Armor),16 (3d10),"0 ft., swim 40 ft. ",12,(+1),15,(+2),11,(+0),2,(-4),12,(+1),5,(-3),,,Passive Perception 11,--,1/2 (100 XP),,,,,
Giant Shark,"Huge beast, unaligned",13 (Natural Armor),126 (11d12 + 55),"0 ft., swim 50 ft. ",23,(+6),11,(+0),21,(+5),1,(-5),10,(+0),5,(-3),,Perception +3,"Blindsight 60 ft.,  Passive Perception 13",--,"5 (1,800 XP)",,,,,
Giant Spider,"Large beast, unaligned",14 (Natural Armor),26 (4d10 + 4),"30 ft., climb 30 ft. ",14,(+2),16,(+3),12,(+1),2,(-4),11,(+0),4,(-3),,Stealth +7,"Blindsight 10 ft., Darkvision 60 ft.,  Passive Perception 10",--,1 (200 XP),,,,,
Giant Toad,"Large beast, unaligned",11 ,39 (6d10 + 6),"20 ft., swim 40 ft. ",15,(+2),13,(+1),13,(+1),2,(-4),10,(+0),3,(-4),,,"Darkvision 30 ft.,  Passive Perception 10",--,1 (200 XP),,,,,
Giant Vulture,"Large beast, neutral",10 ,22 (3d10 + 6),"10 ft., fly 60 ft. ",15,(+2),10,(+0),15,(+2),6,(-2),12,(+1),7,(-2),,Perception +3,Passive Perception 13,Understands Common but can't speak  it,1 (200 XP),,,,,
Giant Wasp,"Medium beast, unaligned",12 ,13 (3d8),"10 ft., fly 50 ft. ",10,(+0),14,(+2),10,(+0),1,(-5),10,(+0),3,(-4),,,Passive Perception 10,--,1/2 (100 XP),,,,,
Giant Weasel,"Medium beast, unaligned",13 ,9 (2d8),40 ft. ,11,(+0),16,(+3),10,(+0),4,(-3),12,(+1),5,(-3),,"Perception +3, Stealth +5","Darkvision 60 ft.,  Passive Perception 13",--,1/8 (25 XP),,,,,
Giant Wolf Spider,"Medium beast, unaligned",13 ,11 (2d8 + 2),"40 ft., climb 40 ft. ",12,(+1),16,(+3),13,(+1),3,(-4),12,(+1),4,(-3),,"Perception +3, Stealth +7","Blindsight 10 ft., Darkvision 60 ft.,  Passive Perception 13",--,1/4 (50 XP),,,,,
Gibbering Mouther,"Medium aberration, neutral",9 ,67 (9d8 + 27),"10 ft., swim 10 ft. ",10,(+0),8,(-1),16,(+3),3,(-4),10,(+0),6,(-2),,,"Darkvision 60 ft.,  Passive Perception 10",--,2 (450 XP),,Prone,,,
Glabrezu,"Large fiend, chaotic evil",17 (Natural Armor),157 (15d10 + 75),40 ft. ,20,(+5),15,(+2),21,(+5),19,(+4),17,(+3),16,(+3),"STR +9, CON +9, WIS +7, CHA +7",,"Truesight 120 ft.,  Passive Perception 13","Abyssal, Telepathy 120 ft.","9 (5,000 XP)",Poison,Poisoned,"Cold, Fire, Lightning; Bludgeoning, Piercing, and Slashing from Nonmagical Attacks",,
Gladiator,"Medium humanoid, any","16 (Studded Leather, Shield)",112 (15d8 + 45),30 ft. ,18,(+4),15,(+2),16,(+3),10,(+0),12,(+1),15,(+2),"STR +7, DEX +5, CON +6","Athletics +10, Intimidation +5",Passive Perception 11,Any one language (usually Common),"5 (1,800 XP)",,,,,"<p><em><strong>Parry.</strong></em> The gladiator adds 3 to its AC against one melee attack that would hit it. To do so, the gladiator must see the attacker and be wielding a melee weapon.</p>"
Gnoll,"Medium humanoid, chaotic evil","15 (Hide Armor, Shield)",22 (5d8),30 ft. ,14,(+2),12,(+1),11,(+0),6,(-2),10,(+0),7,(-2),,,"Darkvision 60 ft.,  Passive Perception 10",Gnoll,1/2 (100 XP),,,,,
Goat,"Medium beast, unaligned",10 ,4 (1d8),40 ft. ,12,(+1),10,(+0),11,(+0),2,(-4),10,(+0),5,(-3),,,Passive Perception 10,--,0 (10 XP),,,,,
Goblin,"Small humanoid, neutral evil","15 (Leather Armor, Shield)",7 (2d6),30 ft. ,8,(-1),14,(+2),10,(+0),10,(+0),8,(-1),8,(-1),,Stealth +6,"Darkvision 60 ft.,  Passive Perception 9","Common, Goblin",1/4 (50 XP),,,,,
Gold Dragon Wyrmling,"Medium dragon, lawful good",17 Natural Armor,60 (8d8 + 24),"30 ft., fly 60 ft., swim 30 ft. ",19,(+4),14,(+2),17,(+3),14,(+2),11,(+0),16,(+3),"DEX +4, CON +5, WIS +2, CHA +5","Perception +4, Stealth +4","Blindsight 10 ft., Darkvision 60 ft.,  Passive Perception 14",Draconic,3 (700 XP),Fire,,,,
Gorgon,"Large monstrosity, unaligned",19 (Natural Armor),114 (12d10 + 48),40 ft. ,20,(+5),11,(+0),18,(+4),2,(-4),12,(+1),7,(-2),,Perception +4,"Darkvision 60 ft.,  Passive Perception 14",--,"5 (1,800 XP)",,Petrified,,,
Gray Ooze,"Medium ooze, unaligned",8 ,22 (3d8 + 9),"10 ft., climb 10 ft. ",12,(+1),6,(-2),16,(+3),1,(-5),6,(-2),2,(-4),,Stealth +2,"Blindsight 60 ft.,  Passive Perception 8",--,1/2 (100 XP),,"Blinded, Charmed, Deafened, Exhaustion, Frightened, Prone","Acid, Cold, Fire",,
Green Dragon Wyrmling,"Medium dragon, lawful evil",17 (Natural Armor),38 (7d8 + 7),"30 ft., fly 60 ft., swim 30 ft. ",15,(+2),12,(+1),13,(+1),14,(+2),11,(+0),13,(+1),"DEX +3, CON +3, WIS +2, CHA +3","Perception +4, Stealth +3","Blindsight 10 ft., Darkvision 60 ft.,  Passive Perception 14",Draconic,2 (450 XP),Poison,Poisoned,,,
Green Hag,"Medium fey, neutral evil",17 (Natural Armor),82 (11d8 + 33),30 ft. ,18,(+4),12,(+1),16,(+3),13,(+1),14,(+2),14,(+2),,"Arcana +3, Deception +4, Perception +4, Stealth +3","Darkvision 60 ft.,  Passive Perception 14","Common, Draconic, Sylvan",3 (700 XP),,,,,
Grick,"Medium monstrosity, neutral",14 (Natural Armor),27 (6d8),"30 ft., climb 30 ft. ",14,(+2),14,(+2),11,(+0),3,(-4),14,(+2),5,(-3),,,"Darkvision 60 ft.,  Passive Perception 12",--,2 (450 XP),,,"Bludgeoning, Piercing, and Slashing from Nonmagical Attacks",,
Griffon,"Large monstrosity, unaligned",12 ,59 (7d10 + 21),"30 ft., fly 80 ft. ",18,(+4),15,(+2),16,(+3),2,(-4),13,(+1),8,(-1),,Perception +5,"Darkvision 60 ft.,  Passive Perception 15",--,2 (450 XP),,,,,
Grimlock,"Medium humanoid, neutral evil",11 ,11 (2d8 + 2),30 ft. ,16,(+3),12,(+1),12,(+1),9,(-1),8,(-1),6,(-2),,"Athletics +5, Perception +3, Stealth +3","Blindsight 30 ft.,  Passive Perception 13",Undercommon,1/4 (50 XP),,Blinded,,,
Guard,"Medium humanoid, any","16 (Chain Shirt, Shield)",11 (2d8 + 2),30 ft. ,13,(+1),12,(+1),12,(+1),10,(+0),11,(+0),10,(+0),,Perception +2,Passive Perception 12,Any one language (usually Common),1/8 (25 XP),,,,,
Guardian Naga,"Large monstrosity, lawful good",18 (Natural Armor),127 (15d10 + 45),40 ft. ,19,(+4),18,(+4),16,(+3),16,(+3),19,(+4),18,(+4),"DEX +8, CON +7, INT +7, WIS +8, CHA +8",,"Darkvision 60 ft.,  Passive Perception 14","Celestial, Common","10 (5,900 XP)",Poison,"Charmed, Poisoned",,,
Gynosphinx,"Large monstrosity, lawful neutral",17 (Natural Armor),136 (16d10 + 48),"40 ft., fly 60 ft. ",18,(+4),15,(+2),16,(+3),18,(+4),18,(+4),18,(+4),,"Arcana +12, History +12, Perception +8, Religion +8","Truesight 120 ft.,  Passive Perception 18","Common, Sphinx","11 (7,200 XP)",Psychic,"Charmed, Frightened","Bludgeoning, Piercing, and Slashing from Nonmagical Attacks",,
Half-Red Dragon Veteran,"Medium humanoid, any",18 (Plate),65 (10d8 + 20),30 ft. ,16,(+3),13,(+1),14,(+2),10,(+0),11,(+0),10,(+0),,"Athletics +5, Perception +2","Blindsight 10 ft., Darkvision 60 ft.,  Passive Perception 12","Common, Draconic","5 (1,800 XP)",,,Fire,,
Harpy,"Medium monstrosity, chaotic evil",11 ,38 (7d8 + 7),"20 ft., fly 40 ft. ",12,(+1),13,(+1),12,(+1),7,(-2),10,(+0),13,(+1),,,Passive Perception 10,Common,1 (200 XP),,,,,
Hawk,"Tiny beast, unaligned",13 ,1 (1d4 - 1),"10 ft., fly 60 ft. ",5,(-3),16,(+3),8,(-1),2,(-4),14,(+2),6,(-2),,Perception +4,Passive Perception 14,--,0 (10 XP),,,,,
Hell Hound,"Medium fiend, lawful evil",15 (Natural Armor),45 (7d8 + 14),50 ft. ,17,(+3),12,(+1),14,(+2),6,(-2),13,(+1),6,(-2),,Perception +5,"Darkvision 60 ft.,  Passive Perception 15",Understands Infernal but can't speak it,3 (700 XP),Fire,,,,
Hezrou,"Large fiend, chaotic evil",16 (Natural Armor),136 (13d10 + 65),30 ft. ,19,(+4),17,(+3),20,(+5),5,(-3),12,(+1),13,(+1),"STR +7, CON +8, WIS +4",,"Darkvision 120 ft.,  Passive Perception 11","Abyssal, Telepathy 120 ft.","8 (3,900 XP)",Poison,Poisoned,"Cold, Fire, Lightning; Bludgeoning, Piercing, and Slashing from Nonmagical Attacks",,
Hill Giant,"Huge giant, chaotic evil",13 (Natural Armor),105 (10d12 + 40),40 ft. ,21,(+5),8,(-1),19,(+4),5,(-3),9,(-1),6,(-2),,Perception +2,Passive Perception 12,Giant,"5 (1,800 XP)",,,,,
Hippogriff,"Large monstrosity, unaligned",11 ,19 (3d10 + 3),"40 ft., fly 60 ft. ",17,(+3),13,(+1),13,(+1),2,(-4),12,(+1),8,(-1),,Perception +5,Passive Perception 15,--,1 (200 XP),,,,,
Hobgoblin,"Medium humanoid, lawful evil","18 (Chain Mail, Shield)",11 (2d8 + 2),30 ft. ,13,(+1),12,(+1),12,(+1),10,(+0),10,(+0),9,(-1),,,"Darkvision 60 ft.,  Passive Perception 10","Common, Goblin",1/2 (100 XP),,,,,
Homunculus,"Tiny construct, neutral",13 (Natural Armor),5 (2d4),"20 ft., fly 40 ft. ",4,(-3),15,(+2),11,(+0),10,(+0),10,(+0),7,(-2),,,"Darkvision 60 ft.,  Passive Perception 10",Understands the languages of its creator but can't speak,0 (10 XP),Poison,"Charmed, Poisoned",,,
Horned Devil,"Large fiend, lawful evil",18 (Natural Armor),148 (17d10 + 55),"20 ft., fly 60 ft. ",22,(+6),17,(+3),21,(+5),12,(+1),16,(+3),17,(+3),"STR +10, DEX +7, WIS +7, CHA +7",,"Darkvision 120 ft.,  Passive Perception 13","Infernal, Telepathy 120 ft.","11 (7,200 XP)","Fire, Poison",Poisoned,"Cold; Bludgeoning, Piercing, and Slashing from Nonmagical Attacks that aren't Silvered",,
Hunter Shark,"Large beast, unaligned",12 (Natural Armor),45 (6d10 + 12),"0 ft., swim 40 ft. ",18,(+4),13,(+1),15,(+2),1,(-5),10,(+0),4,(-3),,Perception +2,"Blindsight 30 ft.,  Passive Perception 12",--,2 (450 XP),,,,,
Hydra,"Huge monstrosity, unaligned",15 (Natural Armor),172 (15d12 + 75),"30 ft., swim 30 ft. ",20,(+5),12,(+1),20,(+5),2,(-4),10,(+0),7,(-2),,Perception +6,"Darkvision 60 ft.,  Passive Perception 16",--,"8 (3,900 XP)",,,,,
Hyena,"Medium beast, unaligned",11 ,5 (1d8 + 1),50 ft. ,11,(+0),13,(+1),12,(+1),2,(-4),12,(+1),5,(-3),,Perception +3,Passive Perception 13,--,0 (10 XP),,,,,
Ice Devil,"Large fiend, lawful evil",18 (Natural Armor),180 (19d10 + 76),40 ft. ,21,(+5),14,(+2),18,(+4),18,(+4),15,(+2),18,(+4),"DEX +7, CON +9, WIS +7, CHA +9",,"Blindsight 60 ft., Darkvision 120 ft.,  Passive Perception 12","Infernal, Telepathy 120 ft.","14 (11,500 XP)","Cold, Fire, Poison",Poisoned,"Bludgeoning, Piercing, and Slashing from Nonmagical Attacks that aren't Silvered",,
Ice Mephit,"Small elemental, neutral evil",11 ,21 (6d6),"30 ft., fly 30 ft. ",7,(-2),13,(+1),10,(+0),9,(-1),11,(+0),12,(+1),,"Perception +2, Stealth +3","Darkvision 60 ft.,  Passive Perception 12","Aquan, Auran",1/2 (100 XP),"Cold, Poison",Poisoned,,"Bludgeoning, Fire",
Imp,"Tiny fiend, lawful evil",13 ,10 (3d4 + 3),"20 ft., fly 40 ft. ",6,(-2),17,(+3),13,(+1),11,(+0),12,(+1),14,(+2),,"Deception +4, Insight +3, Persuasion +4, Stealth +5","Darkvision 120 ft.,  Passive Perception 11","Common, Infernal",1 (200 XP),"Fire, Poison",Poisoned,"Cold; Bludgeoning, Piercing, and Slashing from Nonmagical Attacks that aren't Silvered",,
Invisible Stalker,"Medium elemental, neutral",14 ,104 (16d8 + 32),"50 ft., fly 50 ft. (hover) ",16,(+3),19,(+4),14,(+2),10,(+0),15,(+2),11,(+0),,"Perception +8, Stealth +10","Darkvision 60 ft.,  Passive Perception 18",Auran  Understands Common but doesn't speak it,"6 (2,300 XP)",Poison,"Exhaustion, Grappled, Paralyzed, Petrified, Poisoned, Prone, Restrained, Unconscious","Bludgeoning, Piercing, and Slashing from Nonmagical Attacks",,
Iron Golem,"Large construct, unaligned",20 (Natural Armor),210 (20d10 + 100),30 ft. ,24,(+7),9,(-1),20,(+5),3,(-4),11,(+0),1,(-5),,,"Darkvision 120 ft.,  Passive Perception 10",Understands the languages of its creator but can't speak,"16 (15,000 XP)","Fire, Poison, Psychic; Bludgeoning, Piercing, and Slashing from Nonmagical Attacks that aren't Adamantine","Charmed, Exhaustion, Frightened, Paralyzed, Petrified, Poisoned",,,
Jackal,"Small beast, unaligned",12 ,3 (1d6),40 ft. ,8,(-1),15,(+2),11,(+0),3,(-4),12,(+1),6,(-2),,Perception +3,Passive Perception 13,--,0 (10 XP),,,,,
Killer Whale,"Huge beast, unaligned",12 (Natural Armor),90 (12d12 + 12),"0 ft., swim 60 ft. ",19,(+4),10,(+0),13,(+1),3,(-4),12,(+1),7,(-2),,Perception +3,"Blindsight 120 ft.,  Passive Perception 13",--,3 (700 XP),,,,,
Knight,"Medium humanoid, any",18 (Plate),52 (8d8 + 16),30 ft. ,16,(+3),11,(+0),14,(+2),11,(+0),11,(+0),15,(+2),"CON +4, WIS +2",,Passive Perception 10,Any one language (usually Common),3 (700 XP),,,,,"<p><em><strong>Parry.</strong></em> The knight adds 2 to its AC against one melee attack that would hit it. To do so, the knight must see the attacker and be wielding a melee weapon.</p>"
Kobold,"Small humanoid, lawful evil",12 ,5 (2d6 - 2),30 ft. ,7,(-2),15,(+2),9,(-1),8,(-1),7,(-2),8,(-1),,,"Darkvision 60 ft.,  Passive Perception 8","Common, Draconic",1/8 (25 XP),,,,,
Kraken,"Gargantuan monstrosity, chaotic evil",18 (Natural Armor),472 (27d20 + 189),"20 ft., swim 60 ft. ",30,(+10),11,(+0),25,(+7),22,(+6),18,(+4),20,(+5),"STR +17, DEX +7, CON +14, INT +13, WIS +11",,"Truesight 120 ft.,  Passive Perception 14","Abyssal, Celestial, Infernal, Primordial, Telepathy 120 ft. but can't speak","23 (50,000 XP)","Lightning; Bludgeoning, Piercing, and Slashing from Nonmagical Attacks","Frightened, Paralyzed",,,
Lamia,"Large monstrosity, chaotic evil",13 (Natural Armor),97 (13d10 + 26),30 ft. ,16,(+3),13,(+1),15,(+2),14,(+2),15,(+2),16,(+3),,"Deception +7, Insight +4, Stealth +3","Darkvision 60 ft.,  Passive Perception 12","Abyssal, Common","4 (1,100 XP)",,,,,
Lemure,"Medium fiend, lawful evil",7 ,13 (3d8),15 ft. ,10,(+0),5,(-3),11,(+0),1,(-5),11,(+0),3,(-4),,,"Darkvision 120 ft.,  Passive Perception 10",Understands Infernal but can't speak it,0 (10 XP),"Fire, Poison","Charmed, Frightened, Poisoned",Cold,,
Lich,"Medium undead, any evil alignment",17 (Natural Armor),135 (18d8 + 54),30 ft. ,11,(+0),16,(+3),16,(+3),20,(+5),14,(+2),16,(+3),"CON +10, INT +12, WIS +9","Arcana +18, History +12, Insight +9, Perception +9","Truesight 120 ft.,  Passive Perception 19",Common plus up to five other languages,"21 (33,000 XP)","Poison; Bludgeoning, Piercing, and Slashing from Nonmagical Attacks","Charmed, Exhaustion, Frightened, Paralyzed, Poisoned","Cold, Lightning, Necrotic",,
Lion,"Large beast, unaligned",12 ,26 (4d10 + 4),50 ft. ,17,(+3),15,(+2),13,(+1),3,(-4),12,(+1),8,(-1),,"Perception +3, Stealth +6",Passive Perception 13,--,1 (200 XP),,,,,
Lizard,"Tiny beast, unaligned",10 ,2 (1d4),"20 ft., climb 20 ft. ",2,(-4),11,(+0),10,(+0),1,(-5),8,(-1),3,(-4),,,"Darkvision 30 ft.,  Passive Perception 9",--,0 (10 XP),,,,,
Lizardfolk,"Medium humanoid, neutral","15 (Natural Armor, Shield)",22 (4d8 + 4),"30 ft., swim 30 ft. ",15,(+2),10,(+0),13,(+1),7,(-2),12,(+1),7,(-2),,"Perception +3, Stealth +2, Survival +5",Passive Perception 13,Draconic,1/2 (100 XP),,,,,
Mage,"Medium humanoid, any",12 (15 With Mage Armor),40 (9d8),30 ft. ,9,(-1),14,(+2),11,(+0),17,(+3),12,(+1),11,(+0),"INT +6, WIS +4","Arcana +6, History +6",Passive Perception 11,Any four languages,"6 (2,300 XP)",,,,,
Magma Mephit,"Small elemental, neutral evil",11 ,22 (5d6 + 5),"30 ft., fly 30 ft. ",8,(-1),12,(+1),12,(+1),7,(-2),10,(+0),10,(+0),,Stealth +3,"Darkvision 60 ft.,  Passive Perception 10","Ignan, Terran",1/2 (100 XP),"Fire, Poison",Poisoned,,Cold,
Magmin,"Small elemental, chaotic neutral",14 (Natural Armor),9 (2d6 + 2),30 ft. ,7,(-2),15,(+2),12,(+1),8,(-1),11,(+0),10,(+0),,,"Darkvision 60 ft.,  Passive Perception 10",Ignan,1/2 (100 XP),Fire,,"Bludgeoning, Piercing, and Slashing from Nonmagical Attacks",,
Mammoth,"Huge beast, unaligned",13 (Natural Armor),126 (11d12 + 55),40 ft. ,24,(+7),9,(-1),21,(+5),3,(-4),11,(+0),6,(-2),,,Passive Perception 10,--,"6 (2,300 XP)",,,,,
Manticore,"Large monstrosity, lawful evil",14 (Natural Armor),68 (8d10 + 24),"30 ft., fly 50 ft. ",17,(+3),16,(+3),17,(+3),7,(-2),12,(+1),8,(-1),,,"Darkvision 60 ft.,  Passive Perception 11",Common,3 (700 XP),,,,,
Marilith,"Large fiend, chaotic evil",18 (Natural Armor),189 (18d10 + 90),40 ft. ,18,(+4),20,(+5),20,(+5),18,(+4),16,(+3),20,(+5),"STR +9, CON +10, WIS +8, CHA +10",,"Truesight 120 ft.,  Passive Perception 13","Abyssal, Telepathy 120 ft.","16 (15,000 XP)",Poison,Poisoned,"Cold, Fire, Lightning; Bludgeoning, Piercing, and Slashing from Nonmagical Attacks",,"<p><em><strong>Parry.</strong></em> The marilith adds 5 to its AC against one melee attack that would hit it. To do so, the marilith must see the attacker and be wielding a melee weapon.</p>"
Mastiff,"Medium beast, unaligned",12 ,5 (1d8 + 1),40 ft. ,13,(+1),14,(+2),12,(+1),3,(-4),12,(+1),7,(-2),,Perception +3,Passive Perception 13,--,1/8 (25 XP),,,,,
Medusa,"Medium monstrosity, lawful evil",15 (Natural Armor),127 (17d8 + 51),30 ft. ,10,(+0),15,(+2),16,(+3),12,(+1),13,(+1),15,(+2),,"Deception +5, Insight +4, Perception +4, Stealth +5","Darkvision 60 ft.,  Passive Perception 14",Common,"6 (2,300 XP)",,,,,
Merfolk,"Medium humanoid, neutral",11 ,11 (2d8 + 2),"10 ft., swim 40 ft. ",10,(+0),13,(+1),12,(+1),11,(+0),11,(+0),12,(+1),,Perception +2,Passive Perception 12,"Aquan, Common",1/8 (25 XP),,,,,
Merrow,"Large monstrosity, chaotic evil",13 (Natural Armor),45 (6d10 + 12),"10 ft., swim 40 ft. ",18,(+4),10,(+0),15,(+2),8,(-1),10,(+0),9,(-1),,,"Darkvision 60 ft.,  Passive Perception 10","Abyssal, Aquan",2 (450 XP),,,,,
Mimic,"Medium monstrosity, neutral",12 (Natural Armor),58 (9d8 + 18),15 ft. ,17,(+3),12,(+1),15,(+2),5,(-3),13,(+1),8,(-1),,Stealth +5,"Darkvision 60 ft.,  Passive Perception 11",--,2 (450 XP),Acid,Prone,,,
Minotaur,"Large monstrosity, chaotic evil",14 (Natural Armor),76 (9d10 + 27),40 ft. ,18,(+4),11,(+0),16,(+3),6,(-2),16,(+3),9,(-1),,Perception +7,"Darkvision 60 ft.,  Passive Perception 17",Abyssal,3 (700 XP),,,,,
Minotaur Skeleton,"Large undead, lawful evil",12 (Natural Armor),67 (9d10 + 18),40 ft. ,18,(+4),11,(+0),15,(+2),6,(-2),8,(-1),5,(-3),,,"Darkvision 60 ft.,  Passive Perception 9",Understands Abyssal but can't speak  it,2 (450 XP),Poison,"Exhaustion, Poisoned",,Bludgeoning,
Mule,"Medium beast, unaligned",10 ,11 (2d8 + 2),40 ft. ,14,(+2),10,(+0),13,(+1),2,(-4),10,(+0),5,(-3),,,Passive Perception 10,--,1/8 (25 XP),,,,,
Mummy,"Medium undead, lawful evil",11 (Natural Armor),58 (9d8 + 18),20 ft. ,16,(+3),8,(-1),15,(+2),6,(-2),10,(+0),12,(+1),WIS +2,,"Darkvision 60 ft.,  Passive Perception 10",The languages it knew in life,3 (700 XP),"Necrotic, Poison","Charmed, Exhaustion, Frightened, Paralyzed, Poisoned","Bludgeoning, Piercing, and Slashing from Nonmagical Attacks",Fire,
Mummy Lord,"Medium undead, lawful evil",17 (Natural Armor),97 (13d8 + 39),20 ft. ,18,(+4),10,(+0),17,(+3),11,(+0),18,(+4),16,(+3),"CON +8, INT +5, WIS +9, CHA +8","History +5, Religion +5","Darkvision 60 ft.,  Passive Perception 14",The languages it knew in life,"15 (13,000 XP)","Necrotic, Poison; Bludgeoning, Piercing, and Slashing from Nonmagical Attacks","Charmed, Exhaustion, Frightened, Paralyzed, Poisoned",,Fire,
Nalfeshnee,"Large fiend, chaotic evil",18 (Natural Armor),184 (16d10 + 96),"20 ft., fly 30 ft. ",21,(+5),10,(+0),22,(+6),19,(+4),12,(+1),15,(+2),"CON +11, INT +9, WIS +6, CHA +7",,"Truesight 120 ft.,  Passive Perception 11","Abyssal, Telepathy 120 ft.","13 (10,000 XP)",Poison,Poisoned,"Cold, Fire, Lightning; Bludgeoning, Piercing, and Slashing from Nonmagical Attacks",,
Night Hag,"Medium fiend, neutral evil",17 (Natural Armor),112 (15d8 + 45),30 ft. ,18,(+4),15,(+2),16,(+3),16,(+3),14,(+2),16,(+3),,"Deception +7, Insight +6, Perception +6, Stealth +6","Darkvision 120 ft.,  Passive Perception 16","Abyssal, Common, Infernal, Primordial","5 (1,800 XP)",,Charmed,"Cold, Fire; Bludgeoning, Piercing, and Slashing from Nonmagical Attacks that aren't Silvered",,
Nightmare,"Large fiend, neutral evil",13 (Natural Armor),68 (8d10 + 24),"60 ft., fly 90 ft. ",18,(+4),15,(+2),16,(+3),10,(+0),13,(+1),15,(+2),,,Passive Perception 11,Common  and Infernal but can't speak,3 (700 XP),Fire,,,,
Noble,"Medium humanoid, any",15 (Breastplate),9 (2d8),30 ft. ,11,(+0),12,(+1),11,(+0),12,(+1),14,(+2),16,(+3),,"Deception +5, Insight +4, Persuasion +5",Passive Perception 12,Any two languages,1/8 (25 XP),,,,,"<p><em><strong>Parry.</strong></em> The noble adds 2 to its AC against one melee attack that would hit it. To do so, the noble must see the attacker and be wielding a melee weapon.</p>"
Nothic,"Medium aberration, neutral evil",15 Natural,45 (6d8 + 18),30 ft. ,14,(+2),16,(+3),16,(+3),13,(+1),10,(+0),8,(-1),,"Arcana +3, Insight +4, Perception +2, Stealth +5","Truesight 120 ft.,  Passive Perception 12",Undercommon,2 (450 XP),,,,,
Ochre Jelly,"Large ooze, unaligned",8 ,45 (6d10 + 12),"10 ft., climb 10 ft. ",15,(+2),6,(-2),14,(+2),2,(-4),6,(-2),1,(-5),,,"Blindsight 60 ft.,  Passive Perception 8",--,2 (450 XP),"Lightning, Slashing","Blinded, Charmed, Deafened, Exhaustion, Frightened, Prone",Acid,,"<p><em><strong>Split.</strong></em> When a jelly that is Medium or larger is subjected to lightning or slashing damage, it splits into two new jellies if it has at least 10 hit points. Each new jelly has hit points equal to half the original jelly's, rounded down. New jellies are one size smaller than the original jelly.</p>"
Octopus,"Small beast, unaligned",12 ,3 (1d6),"5 ft., swim 30 ft. ",4,(-3),15,(+2),11,(+0),3,(-4),10,(+0),4,(-3),,"Perception +2, Stealth +4","Darkvision 30 ft.,  Passive Perception 12",--,0 (10 XP),,,,,
Ogre,"Large giant, chaotic evil",11 (Hide Armor),59 (7d10 + 21),40 ft. ,19,(+4),8,(-1),16,(+3),5,(-3),7,(-2),7,(-2),,,"Darkvision 60 ft.,  Passive Perception 8","Common, Giant",2 (450 XP),,,,,
Ogre Zombie,"Large undead, neutral evil",8 ,85 (9d10 + 36),30 ft. ,19,(+4),6,(-2),18,(+4),3,(-4),6,(-2),5,(-3),WIS +0,,"Darkvision 60 ft.,  Passive Perception 8",Understands Common and Giant but can't speak  them,2 (450 XP),Poison,Poisoned,,,
Oni,"Large giant, lawful evil",16 (Chain Mail),110 (13d10 + 39),"30 ft., fly 30 ft. ",19,(+4),11,(+0),16,(+3),14,(+2),12,(+1),15,(+2),"DEX +3, CON +6, WIS +4, CHA +5","Arcana +5, Deception +8, Perception +4","Darkvision 60 ft.,  Passive Perception 14","Common, Giant","7 (2,900 XP)",,,,,
Orc,"Medium humanoid, chaotic evil",13 (Hide Armor),15 (2d8 + 6),30 ft. ,16,(+3),12,(+1),16,(+3),7,(-2),11,(+0),10,(+0),,Intimidation +2,"Darkvision 60 ft.,  Passive Perception 10","Common, Orc",1/2 (100 XP),,,,,
Otyugh,"Large aberration, neutral",14 (Natural Armor),114 (12d10 + 48),30 ft. ,16,(+3),11,(+0),19,(+4),6,(-2),13,(+1),6,(-2),CON +7,,"Darkvision 120 ft.,  Passive Perception 11",Otyugh,"5 (1,800 XP)",,,,,
Owl,"Tiny beast, unaligned",11 ,1 (1d4 - 1),"5 ft., fly 60 ft. ",3,(-4),13,(+1),8,(-1),2,(-4),12,(+1),7,(-2),,"Perception +3, Stealth +3","Darkvision 120 ft.,  Passive Perception 13",--,0 (10 XP),,,,,
Owlbear,"Large monstrosity, unaligned",13 (Natural Armor),59 (7d10 + 21),40 ft. ,20,(+5),12,(+1),17,(+3),3,(-4),12,(+1),7,(-2),,Perception +3,"Darkvision 60 ft.,  Passive Perception 13",--,3 (700 XP),,,,,
Panther,"Medium beast, unaligned",12 ,13 (3d8),"50 ft., climb 40 ft. ",14,(+2),15,(+2),10,(+0),3,(-4),14,(+2),7,(-2),,"Perception +4, Stealth +6",Passive Perception 14,--,1/4 (50 XP),,,,,
Pegasus,"Large celestial, chaotic good",12 ,59 (7d10 + 21),"60 ft., fly 90 ft. ",18,(+4),15,(+2),16,(+3),10,(+0),15,(+2),13,(+1),"DEX +4, WIS +4, CHA +3",Perception +6,Passive Perception 16,"Celestial, Common, Elvish  and Sylvan but can't speak",2 (450 XP),,,,,
Phase Spider,"Large monstrosity, unaligned",13 (Natural Armor),32 (5d10 + 5),"30 ft., climb 30 ft. ",15,(+2),15,(+2),12,(+1),6,(-2),10,(+0),6,(-2),,Stealth +6,"Darkvision 60 ft.,  Passive Perception 10",--,3 (700 XP),,,,,
Pit Fiend,"Large fiend, lawful evil",19 (Natural Armor),300 (24d10 + 168),"30 ft., fly 60 ft. ",26,(+8),14,(+2),24,(+7),22,(+6),18,(+4),24,(+7),"DEX +8, CON +13, WIS +10",,"Truesight 120 ft.,  Passive Perception 14","Infernal, Telepathy 120 ft.","20 (25,000 XP)","Fire, Poison",Poisoned,"Cold; Bludgeoning, Piercing, and Slashing from Nonmagical Attacks that aren't Silvered",,
Planetar,"Large celestial, lawful good",19 (Natural Armor),200 (16d10 + 112),"40 ft., fly 120 ft. ",24,(+7),20,(+5),24,(+7),19,(+4),22,(+6),25,(+7),"CON +12, WIS +11, CHA +12",Perception +11,"Truesight 120 ft.,  Passive Perception 21","All, Telepathy 120 ft.","16 (15,000 XP)",,"Charmed, Exhaustion, Frightened","Radiant; Bludgeoning, Piercing, and Slashing from Nonmagical Attacks",,
Plesiosaurus,"Large beast, unaligned",13 (Natural Armor),68 (8d10 + 24),"20 ft., swim 40 ft. ",18,(+4),15,(+2),16,(+3),2,(-4),12,(+1),5,(-3),,"Perception +3, Stealth +4",Passive Perception 13,--,2 (450 XP),,,,,
Poisonous Snake,"Tiny beast, unaligned",13 ,2 (1d4),"30 ft., swim 30 ft. ",2,(-4),16,(+3),11,(+0),1,(-5),10,(+0),3,(-4),,,"Blindsight 10 ft.,  Passive Perception 10",--,1/8 (25 XP),,,,,
Polar Bear,"Large beast, unaligned",12 (Natural Armor),42 (5d10 + 15),"40 ft., swim 30 ft. ",20,(+5),10,(+0),16,(+3),2,(-4),13,(+1),7,(-2),,Perception +3,Passive Perception 13,--,2 (450 XP),,,,,
Pony,"Medium beast, unaligned",10 ,11 (2d8 + 2),40 ft. ,15,(+2),10,(+0),13,(+1),2,(-4),11,(+0),7,(-2),,,Passive Perception 10,--,1/8 (25 XP),,,,,
Priest,"Medium humanoid, any",13 (Chain Shirt),27 (5d8 + 5),25 ft. ,10,(+0),10,(+0),12,(+1),13,(+1),16,(+3),13,(+1),,"Medicine +7, Persuasion +3, Religion +4",Passive Perception 13,Any two languages,2 (450 XP),,,,,
Pseudodragon,"Tiny dragon, neutral good",13 (Natural Armor),7 (2d4 + 2),"15 ft., fly 60 ft. ",6,(-2),15,(+2),13,(+1),10,(+0),12,(+1),10,(+0),,"Perception +3, Stealth +4","Blindsight 10 ft., Darkvision 60 ft.,  Passive Perception 13",Understands Common and Draconic but can't speak them,1/4 (50 XP),,,,,
Pteranodon,"Medium beast, unaligned",13 Natural Armor,13 (3d8),"10 ft., fly 60 ft. ",12,(+1),15,(+2),10,(+0),2,(-4),9,(-1),5,(-3),,,Passive Perception 11,--,1/4 (50 XP),,,,,
Purple Worm,"Gargantuan monstrosity, unaligned",18 (Natural Armor),247 (15d20 + 90),"50 ft., burrow 30 ft. ",28,(+9),7,(-2),22,(+6),1,(-5),8,(-1),4,(-3),"CON +11, WIS +4",,"Blindsight 30 ft., Tremorsense 60 ft.,  Passive Perception 9",--,"15 (13,000 XP)",,,,,
Quasit,"Tiny fiend, chaotic evil",13 ,7 (3d4),40 ft. ,5,(-3),17,(+3),10,(+0),7,(-2),10,(+0),10,(+0),,Stealth +5,"Darkvision 120 ft.,  Passive Perception 10","Abyssal, Common",1 (200 XP),Poison,Poisoned,"Cold, Fire, Lightning; Bludgeoning, Piercing, and Slashing from Nonmagical Attacks",,
Quipper,"Tiny beast, unaligned",13 ,1 (1d4 - 1),"0 ft., swim 40 ft. ",2,(-4),16,(+3),9,(-1),1,(-5),7,(-2),2,(-4),,,"Darkvision 60 ft.,  Passive Perception 8",--,0 (10 XP),,,,,
Rakshasa,"Medium fiend, lawful evil",16 (Natural Armor),110 (13d8 + 52),40 ft. ,14,(+2),17,(+3),18,(+4),13,(+1),16,(+3),20,(+5),,"Deception +10, Insight +8","Darkvision 60 ft.,  Passive Perception 13","Common, Infernal","13 (10,000 XP)","Bludgeoning, Piercing, and Slashing from Nonmagical Attacks",,,Piercing from Magic Weapons Wielded by Good Creatures,
Rat,"Tiny beast, unaligned",10 ,1 (1d4 - 1),20 ft. ,2,(-4),11,(+0),9,(-1),2,(-4),10,(+0),4,(-3),,,"Darkvision 30 ft.,  Passive Perception 10",--,0 (10 XP),,,,,
Raven,"Tiny beast, unaligned",12 ,1 (1d4 - 1),"10 ft., fly 50 ft. ",2,(-4),14,(+2),8,(-1),2,(-4),12,(+1),6,(-2),,Perception +3,Passive Perception 13,--,0 (10 XP),,,,,
Red Dragon Wyrmling,"Medium dragon, chaotic evil",17 (Natural Armor),75 (10d8 + 30),"30 ft., climb 30 ft., fly 60 ft. ",19,(+4),10,(+0),17,(+3),12,(+1),11,(+0),15,(+2),"DEX +2, CON +5, WIS +2, CHA +4","Perception +4, Stealth +2","Blindsight 10 ft., Darkvision 60 ft.,  Passive Perception 14",Draconic,"4 (1,100 XP)",Fire,,,,
Reef Shark,"Medium beast, unaligned",12 (Natural Armor),22 (4d8 + 4),"0 ft., swim 40 ft. ",14,(+2),13,(+1),13,(+1),1,(-5),10,(+0),4,(-3),,Perception +2,"Blindsight 30 ft.,  Passive Perception 12",--,1/2 (100 XP),,,,,
Remorhaz,"Huge monstrosity, unaligned",17 (Natural Armor),195 (17d12 + 85),"30 ft., burrow 20 ft. ",24,(+7),13,(+1),21,(+5),4,(-3),10,(+0),5,(-3),,,"Darkvision 60 ft., Tremorsense 60 ft.,  Passive Perception 10",--,"11 (7,200 XP)","Cold, Fire",,,,
Rhinoceros,"Large beast, unaligned",11 (Natural Armor),45 (6d10 + 12),40 ft. ,21,(+5),8,(-1),15,(+2),2,(-4),12,(+1),6,(-2),,,Passive Perception 11,--,2 (450 XP),,,,,
Riding Horse,"Large beast, unaligned",10 ,13 (2d10 + 2),60 ft. ,16,(+3),10,(+0),12,(+1),2,(-4),11,(+0),7,(-2),,,Passive Perception 10,--,1/4 (50 XP),,,,,
Roc,"Gargantuan monstrosity, unaligned",15 (Natural Armor),248 (16d20 + 80),"20 ft., fly 120 ft. ",28,(+9),10,(+0),20,(+5),3,(-4),10,(+0),9,(-1),"DEX +4, CON +9, WIS +4, CHA +3",Perception +4,Passive Perception 14,--,"11 (7,200 XP)",,,,,
Roper,"Large monstrosity, neutral evil",20 (Natural Armor),93 (11d10 + 33),"10 ft., climb 10 ft. ",18,(+4),8,(-1),17,(+3),7,(-2),16,(+3),6,(-2),,"Perception +6, Stealth +5","Darkvision 60 ft.,  Passive Perception 16",--,"5 (1,800 XP)",,,,,
Rug of Smothering,"Large construct, unaligned",12 ,33 (6d10),10 ft. ,17,(+3),14,(+2),10,(+0),1,(-5),3,(-4),1,(-5),,,"Blindsight 60 ft.,  Passive Perception 6",--,2 (450 XP),"Poison, Psychic","Blinded, Charmed, Deafened, Frightened, Paralyzed, Petrified, Poisoned",,,
Rust Monster,"Medium monstrosity, unaligned",14 (Natural Armor),27 (5d8 + 5),40 ft. ,13,(+1),12,(+1),13,(+1),2,(-4),13,(+1),6,(-2),,,"Darkvision 60 ft.,  Passive Perception 11",--,1/2 (100 XP),,,,,
Saber-Toothed Tiger,"Large beast, unaligned",12 ,52 (7d10 + 14),40 ft. ,18,(+4),14,(+2),15,(+2),3,(-4),12,(+1),8,(-1),,"Perception +3, Stealth +6",Passive Perception 13,--,2 (450 XP),,,,,
Sahuagin,"Medium humanoid, lawful evil",12 (Natural Armor),22 (4d8 + 4),"30 ft., swim 40 ft. ",13,(+1),11,(+0),12,(+1),12,(+1),13,(+1),9,(-1),,Perception +5,"Darkvision 120 ft.,  Passive Perception 15",Sahuagin,1/2 (100 XP),,,,,
Salamander,"Large elemental, neutral evil",15 (Natural Armor),90 (12d10 + 24),30 ft. ,18,(+4),14,(+2),15,(+2),11,(+0),10,(+0),12,(+1),,,"Darkvision 60 ft.,  Passive Perception 10",Ignan,"5 (1,800 XP)",Fire,,"Bludgeoning, Piercing, and Slashing from Nonmagical Attacks",Cold,
Satyr,"Medium fey, chaotic neutral",14 (Leather Armor),31 (7d8),40 ft. ,12,(+1),16,(+3),11,(+0),12,(+1),10,(+0),14,(+2),,"Perception +2, Performance +6, Stealth +5",Passive Perception 12,"Common, Elvish, Sylvan",1/2 (100 XP),,,,,
Scorpion,"Tiny beast, unaligned",11 (Natural Armor),1 (1d4 - 1),10 ft. ,2,(-4),11,(+0),8,(-1),1,(-5),8,(-1),2,(-4),,,"Blindsight 10 ft.,  Passive Perception 9",--,0 (10 XP),,,,,
Scout,"Medium humanoid, any",13 (Leather Armor),16 (3d8 + 3),30 ft. ,11,(+0),14,(+2),12,(+1),11,(+0),13,(+1),11,(+0),,"Nature +4, Perception +5, Stealth +6, Survival +5",Passive Perception 15,Any one language (usually Common),1/2 (100 XP),,,,,
Sea Hag,"Medium fey, chaotic evil",14 (Natural Armor),52 (7d8 + 21),"30 ft., swim 40 ft. ",16,(+3),13,(+1),16,(+3),12,(+1),12,(+1),13,(+1),,,"Darkvision 60 ft.,  Passive Perception 11","Aquan, Common, Giant",2 (450 XP),,,,,
Sea Horse,"Tiny beast, unaligned",11 ,1 (1d4 - 1),"0 ft., swim 20 ft. ",1,(-5),12,(+1),8,(-1),1,(-5),10,(+0),2,(-4),,,Passive Perception 10,--,0 (10 XP),,,,,
Shadow,"Medium undead, chaotic evil",12 ,16 (3d8 + 3),40 ft. ,6,(-2),14,(+2),13,(+1),6,(-2),10,(+0),8,(-1),,Stealth +4,"Darkvision 60 ft.,  Passive Perception 10",--,1/2 (100 XP),"Necrotic, Poison","Exhaustion, Frightened, Grappled, Paralyzed, Petrified, Poisoned, Prone, Restrained","Acid, Cold, Fire, Lightning, Thunder; Bludgeoning, Piercing, and Slashing from Nonmagical Attacks",Radiant,
Shambling Mound,"Large plant, unaligned",15 (Natural Armor),136 (16d10 + 48),"20 ft., swim 20 ft. ",18,(+4),8,(-1),16,(+3),5,(-3),10,(+0),5,(-3),,Stealth +2,"Blindsight 60 ft.,  Passive Perception 10",--,"5 (1,800 XP)",Lightning,"Blinded, Deafened, Exhaustion","Cold, Fire",,
Shield Guardian,"Large construct, unaligned",17 (Natural Armor),142 (15d10 + 60),30 ft. ,18,(+4),8,(-1),18,(+4),7,(-2),10,(+0),3,(-4),,,"Blindsight 10 ft., Darkvision 60 ft.,  Passive Perception 10",Understands commands given in any language but can't speak,"7 (2,900 XP)",Poison,"Charmed, Exhaustion, Frightened, Paralyzed, Poisoned",,,"<p><em><strong>Shield.</strong></em> When a creature makes an attack against the wearer of the guardian's amulet, the guardian grants a +2 bonus to the wearer's AC if the guardian is within 5 feet of the wearer.</p>"
Shrieker,"Medium plant, unaligned",5 ,13 (3d8),0 ft. ,1,(-5),1,(-5),10,(+0),1,(-5),3,(-4),1,(-5),,,"Blindsight 30 ft.,  Passive Perception 6",--,0 (10 XP),,"Blinded, Deafened, Frightened",,,"<p><em><strong>Shriek.</strong></em> When bright light or a creature is within 30 feet of the shrieker, it emits a shriek audible within 300 feet of it. The shrieker continues to shriek until the disturbance moves out of range and for 1d4 of the shrieker's turns afterward.</p>"
Silver Dragon Wyrmling,"Medium dragon, lawful good",17 (Natural Armor),45 (6d8 + 18),"30 ft., fly 60 ft. ",19,(+4),10,(+0),17,(+3),12,(+1),11,(+0),15,(+2),"DEX +2, CON +5, WIS +2, CHA +4","Perception +4, Stealth +2","Blindsight 10 ft., Darkvision 60 ft.,  Passive Perception 14",Draconic,2 (450 XP),Cold,,,,
Skeleton,"Medium undead, lawful evil",13 (Armor Scraps),13 (2d8 + 4),30 ft. ,10,(+0),14,(+2),15,(+2),6,(-2),8,(-1),5,(-3),,,"Darkvision 60 ft.,  Passive Perception 9",Understands all languages it knew in life but can't speak,1/4 (50 XP),Poison,"Exhaustion, Poisoned",,Bludgeoning,
Solar,"Large celestial, lawful good",21 (Natural Armor),243 (18d10 + 144),"50 ft., fly 150 ft. ",26,(+8),22,(+6),26,(+8),25,(+7),25,(+7),30,(+10),"INT +14, WIS +14, CHA +17",Perception +14,"Truesight 120 ft.,  Passive Perception 24","All, Telepathy 120 ft.","21 (33,000 XP)","Necrotic, Poison","Charmed, Exhaustion, Frightened, Poisoned","Radiant; Bludgeoning, Piercing, and Slashing from Nonmagical Attacks",,
Spectator,"Medium aberration, lawful neutral",14 Natural,39 (6d8 + 12),"0 ft., fly 30 ft. (hover) ",8,(-1),14,(+2),14,(+2),13,(+1),14,(+2),11,(+0),,Perception +6,"Darkvision 120 ft.,  Passive Perception 16","Deep Speech, Telepathy 120 ft., Undercommon",3 (700 XP),,Prone,,,"<p><em><strong>Spell Reflection.</strong></em> If the spectator makes a successful saving throw against a spell, or a spell attack misses it, the spectator can choose another creature (including the spellcaster) it can see within 30 feet of it. The spell targets the chosen creature instead of the spectator. If the spell forced a saving throw, the chosen creature makes its own save. If the spell was an attack, the attack roll is rerolled against the chosen creature.</p>"
Specter,"Medium undead, chaotic evil",12 ,22 (5d8),"0 ft., fly 50 ft. (hover) ",1,(-5),14,(+2),11,(+0),10,(+0),10,(+0),11,(+0),,,"Darkvision 60 ft.,  Passive Perception 10",Understands all languages it knew in life but can't speak,1 (200 XP),"Necrotic, Poison","Charmed, Exhaustion, Grappled, Paralyzed, Petrified, Poisoned, Prone, Restrained, Unconscious","Acid, Cold, Fire, Lightning, Thunder; Bludgeoning, Piercing, and Slashing from Nonmagical Attacks",,
Spider,"Tiny beast, unaligned",12 ,1 (1d4 - 1),"20 ft., climb 20 ft. ",2,(-4),14,(+2),8,(-1),1,(-5),10,(+0),2,(-4),,Stealth +4,"Darkvision 30 ft.,  Passive Perception 10",--,0 (10 XP),,,,,
Spirit Naga,"Large monstrosity, chaotic evil",15 (Natural Armor),75 (10d10 + 20),40 ft. ,18,(+4),17,(+3),14,(+2),16,(+3),15,(+2),16,(+3),"DEX +6, CON +5, WIS +5, CHA +6",,"Darkvision 60 ft.,  Passive Perception 12","Abyssal, Common","8 (3,900 XP)",Poison,"Charmed, Poisoned",,,
Sprite,"Tiny fey, neutral good",15 (Leather Armor),2 (1d4),"10 ft., fly 40 ft. ",3,(-4),18,(+4),10,(+0),14,(+2),13,(+1),11,(+0),,"Perception +3, Stealth +8",Passive Perception 13,"Common, Elvish, Sylvan",1/4 (50 XP),,,,,
Spy,"Medium humanoid, any",12 ,27 (6d8),30 ft. ,10,(+0),15,(+2),10,(+0),12,(+1),14,(+2),16,(+3),,"Deception +5, Insight +4, Investigation +5, Perception +6, Persuasion +5, Sleight of Hand +4, Stealth +4",Passive Perception 16,Any two languages,1 (200 XP),,,,,
Steam Mephit,"Small elemental, neutral evil",10 ,21 (6d6),"30 ft., fly 30 ft. ",5,(-3),11,(+0),10,(+0),11,(+0),10,(+0),12,(+1),,,"Darkvision 60 ft.,  Passive Perception 10","Aquan, Ignan",1/4 (50 XP),"Fire, Poison",Poisoned,,,
Stirge,"Tiny beast, unaligned",14 (Natural Armor),2 (1d4),"10 ft., fly 40 ft. ",4,(-3),16,(+3),11,(+0),2,(-4),8,(-1),6,(-2),,,"Darkvision 60 ft.,  Passive Perception 9",--,1/8 (25 XP),,,,,
Stone Giant,"Huge giant, neutral",17 (Natural Armor),126 (11d12 + 55),40 ft. ,23,(+6),15,(+2),20,(+5),10,(+0),12,(+1),9,(-1),"DEX +5, CON +8, WIS +4","Athletics +12, Perception +4","Darkvision 60 ft.,  Passive Perception 14",Giant,"7 (2,900 XP)",,,,,"<p><em><strong>Rock Catching.</strong></em> If a rock or similar object is hurled at the giant, the giant can, with a successful DC 10 Dexterity saving throw, catch the missile and take no bludgeoning damage from it.</p>"
Stone Golem,"Large construct, unaligned",17 (Natural Armor),178 (17d10 + 85),30 ft. ,22,(+6),9,(-1),20,(+5),3,(-4),11,(+0),1,(-5),,,"Darkvision 120 ft.,  Passive Perception 10",Understands the languages of its creator but can't speak,"10 (5,900 XP)","Poison, Psychic; Bludgeoning, Piercing, and Slashing from Nonmagical Attacks that aren't Adamantine","Charmed, Exhaustion, Frightened, Paralyzed, Petrified, Poisoned",,,
Storm Giant,"Huge giant, chaotic good",16 (Scale Mail),230 (20d12 + 100),"50 ft., swim 50 ft. ",29,(+9),14,(+2),20,(+5),16,(+3),18,(+4),18,(+4),"STR +14, CON +10, WIS +9, CHA +9","Arcana +8, Athletics +14, History +8, Perception +9",Passive Perception 19,"Common, Giant","13 (10,000 XP)","Lightning, Thunder",,Cold,,
Succubus/Incubus,"Medium fiend, neutral evil",15 (Natural Armor),66 (12d8 + 12),"30 ft., fly 60 ft. ",8,(-1),17,(+3),13,(+1),15,(+2),12,(+1),20,(+5),,"Deception +9, Insight +5, Perception +5, Persuasion +9, Stealth +7","Darkvision 60 ft.,  Passive Perception 15","Abyssal, Common, Infernal, Telepathy 60 ft.","4 (1,100 XP)",,,"Cold, Fire, Lightning, Poison; Bludgeoning, Piercing, and Slashing from Nonmagical Attacks",,
Swarm of Bats,"Medium beast, unaligned",12 ,22 (5d8),"0 ft., fly 30 ft. ",5,(-3),15,(+2),10,(+0),2,(-4),12,(+1),4,(-3),,,"Blindsight 60 ft.,  Passive Perception 11",--,1/4 (50 XP),,"Charmed, Frightened, Grappled, Paralyzed, Petrified, Prone, Restrained, Stunned","Bludgeoning, Piercing, Slashing",,
Swarm of Insects,"Medium beast, unaligned",12 (Natural Armor),22 (5d8),"20 ft., climb 20 ft. ",3,(-4),13,(+1),10,(+0),1,(-5),7,(-2),1,(-5),,,"Blindsight 10 ft.,  Passive Perception 8",--,1/2 (100 XP),,"Charmed, Frightened, Grappled, Paralyzed, Petrified, Prone, Restrained, Stunned","Bludgeoning, Piercing, Slashing",,
Swarm of Poisonous Snakes,"Medium beast, unaligned",14 ,36 (8d8),"30 ft., swim 30 ft. ",8,(-1),18,(+4),11,(+0),1,(-5),10,(+0),3,(-4),,,"Blindsight 10 ft.,  Passive Perception 10",--,2 (450 XP),,"Charmed, Frightened, Grappled, Paralyzed, Petrified, Prone, Restrained, Stunned","Bludgeoning, Piercing, Slashing",,
Swarm of Quippers,"Medium beast, unaligned",13 ,28 (8d8 - 8),"0 ft., swim 40 ft. ",13,(+1),16,(+3),9,(-1),1,(-5),7,(-2),2,(-4),,,"Darkvision 60 ft.,  Passive Perception 8",--,1 (200 XP),,"Charmed, Frightened, Grappled, Paralyzed, Petrified, Prone, Restrained, Stunned","Bludgeoning, Piercing, Slashing",,
Swarm of Rats,"Medium beast, unaligned",10 ,24 (7d8 - 7),30 ft. ,9,(-1),11,(+0),9,(-1),2,(-4),10,(+0),3,(-4),,,"Darkvision 30 ft.,  Passive Perception 10",--,1/4 (50 XP),,"Charmed, Frightened, Grappled, Paralyzed, Petrified, Prone, Restrained, Stunned","Bludgeoning, Piercing, Slashing",,
Swarm of Ravens,"Medium beast, unaligned",12 ,24 (7d8 - 7),"10 ft., fly 50 ft. ",6,(-2),14,(+2),8,(-1),3,(-4),12,(+1),6,(-2),,Perception +5,Passive Perception 15,--,1/4 (50 XP),,"Charmed, Frightened, Grappled, Paralyzed, Petrified, Prone, Restrained, Stunned","Bludgeoning, Piercing, Slashing",,
Tarrasque,"Gargantuan monstrosity, unaligned",25 (Natural Armor),676 (33d20 + 330),40 ft. ,30,(+10),11,(+0),30,(+10),3,(-4),11,(+0),11,(+0),"INT +5, WIS +9, CHA +9",,"Blindsight 120 ft.,  Passive Perception 10",--,"30 (155,000 XP)","Fire, Poison; Bludgeoning, Piercing, and Slashing from Nonmagical Attacks","Charmed, Frightened, Paralyzed, Poisoned",,,
Thug,"Medium humanoid, any",11 (Leather Armor),32 (5d8 + 10),30 ft. ,15,(+2),11,(+0),14,(+2),10,(+0),10,(+0),11,(+0),,Intimidation +2,Passive Perception 10,Any one language (usually Common),1/2 (100 XP),,,,,
Tiger,"Large beast, unaligned",12 ,37 (5d10 + 10),40 ft. ,17,(+3),15,(+2),14,(+2),3,(-4),12,(+1),8,(-1),,"Perception +3, Stealth +6","Darkvision 60 ft.,  Passive Perception 13",--,1 (200 XP),,,,,
Treant,"Huge plant, chaotic good",16 (Natural Armor),138 (12d12 + 60),30 ft. ,23,(+6),8,(-1),21,(+5),12,(+1),16,(+3),12,(+1),,,Passive Perception 13,"Common, Druidic, Elvish, Sylvan","9 (5,000 XP)",,,"Bludgeoning, Piercing",Fire,
Tribal Warrior,"Medium humanoid, any",12 (Hide Armor),11 (2d8 + 2),30 ft. ,13,(+1),11,(+0),12,(+1),8,(-1),11,(+0),8,(-1),,,Passive Perception 10,Any one language,1/8 (25 XP),,,,,
Triceratops,"Huge beast, unaligned",13 (Natural Armor),95 (10d12 + 30),50 ft. ,22,(+6),9,(-1),17,(+3),2,(-4),11,(+0),5,(-3),,,Passive Perception 10,--,"5 (1,800 XP)",,,,,
Troll,"Large giant, chaotic evil",15 (Natural Armor),84 (8d10 + 40),30 ft. ,18,(+4),13,(+1),20,(+5),7,(-2),9,(-1),7,(-2),,Perception +2,"Darkvision 60 ft.,  Passive Perception 12",Giant,"5 (1,800 XP)",,,,,
Twig Blight,"Small plant, neutral evil",13 Natural Armor,4 (1d6 + 1),20 ft. ,6,(-2),13,(+1),12,(+1),4,(-3),8,(-1),3,(-4),,Stealth +3,"Blindsight 60 ft. (blind beyond this radius),  Passive Perception 9",Common understands but canât speak,1/8 (25 XP),,"Blinded, Deafened",,Fire,
Tyrannosaurus Rex,"Huge beast, unaligned",13 (Natural Armor),136 (13d12 + 52),50 ft. ,25,(+7),10,(+0),19,(+4),2,(-4),12,(+1),9,(-1),,Perception +4,Passive Perception 14,--,"8 (3,900 XP)",,,,,
Unicorn,"Large celestial, lawful good",12 ,67 (9d10 + 18),50 ft. ,18,(+4),14,(+2),15,(+2),11,(+0),17,(+3),16,(+3),,,"Darkvision 60 ft.,  Passive Perception 13","Celestial, Elvish, Sylvan, Telepathy 60 ft.","5 (1,800 XP)",Poison,"Charmed, Paralyzed, Poisoned",,,
Vampire,"Medium undead, lawful evil",16 (Natural Armor),144 (17d8 + 68),30 ft. ,18,(+4),18,(+4),18,(+4),17,(+3),15,(+2),18,(+4),"DEX +9, WIS +7, CHA +9","Perception +7, Stealth +9","Darkvision 120 ft.,  Passive Perception 17",the languages it knew in life,"13 (10,000 XP)",,,"Necrotic; Bludgeoning, Piercing, and Slashing from Nonmagical Attacks",,
Vampire Spawn,"Medium undead, neutral evil",15 (Natural Armor),82 (11d8 + 33),30 ft. ,16,(+3),16,(+3),16,(+3),11,(+0),10,(+0),12,(+1),"DEX +6, WIS +3","Perception +3, Stealth +6","Darkvision 60 ft.,  Passive Perception 13",the languages it knew in life,"5 (1,800 XP)",,,"Necrotic; Bludgeoning, Piercing, and Slashing from Nonmagical Attacks",,
Veteran,"Medium humanoid, any",17 (Splint),58 (9d8 + 18),30 ft. ,16,(+3),13,(+1),14,(+2),10,(+0),11,(+0),10,(+0),,"Athletics +5, Perception +2",Passive Perception 12,Any one language (usually Common),3 (700 XP),,,,,
Violet Fungus,"Medium plant, unaligned",5 ,18 (4d8),5 ft. ,3,(-4),1,(-5),10,(+0),1,(-5),3,(-4),1,(-5),,,"Blindsight 30 ft.,  Passive Perception 6",--,1/4 (50 XP),,"Blinded, Deafened, Frightened",,,
Vrock,"Large fiend, chaotic evil",15 (Natural Armor),104 (11d10 + 44),"40 ft., fly 60 ft. ",17,(+3),15,(+2),18,(+4),8,(-1),13,(+1),8,(-1),"DEX +5, WIS +4, CHA +2",,"Darkvision 120 ft.,  Passive Perception 11","Abyssal, Telepathy 120 ft.","6 (2,300 XP)",Poison,Poisoned,"Cold, Fire, Lightning; Bludgeoning, Piercing, and Slashing from Nonmagical Attacks",,
Vulture,"Medium beast, unaligned",10 ,5 (1d8 + 1),"10 ft., fly 50 ft. ",7,(-2),10,(+0),13,(+1),2,(-4),12,(+1),4,(-3),,Perception +3,Passive Perception 13,--,0 (10 XP),,,,,
Warhorse,"Large beast, unaligned",11 ,19 (3d10 + 3),60 ft. ,18,(+4),12,(+1),13,(+1),2,(-4),12,(+1),7,(-2),,,Passive Perception 11,--,1/2 (100 XP),,,,,
Warhorse Skeleton,"Large undead, lawful evil",13 (Barding Scraps),22 (3d10 + 6),60 ft. ,18,(+4),12,(+1),15,(+2),2,(-4),8,(-1),5,(-3),,,"Darkvision 60 ft.,  Passive Perception 9",--,1/2 (100 XP),Poison,"Exhaustion, Poisoned",,Bludgeoning,
Water Elemental,"Large elemental, neutral",14 (Natural Armor),114 (12d10 + 48),"30 ft., swim 90 ft. ",18,(+4),14,(+2),18,(+4),5,(-3),10,(+0),8,(-1),,,"Darkvision 60 ft.,  Passive Perception 10",Aquan,"5 (1,800 XP)",Poison,"Exhaustion, Grappled, Paralyzed, Petrified, Poisoned, Prone, Restrained, Unconscious","Acid; Bludgeoning, Piercing, and Slashing from Nonmagical Attacks",,
Weasel,"Tiny beast, unaligned",13 ,1 (1d4 - 1),30 ft. ,3,(-4),16,(+3),8,(-1),2,(-4),12,(+1),3,(-4),,"Perception +3, Stealth +5",Passive Perception 13,--,0 (10 XP),,,,,
Werebear,"Medium humanoid, neutral good","10 In Humanoid Form, 11 In Bear And Hybrid Form",135 (18d8 + 54),"30 ft., 40 ft., climb 30 ft. in bear or hybrid form ",19,(+4),10,(+0),17,(+3),11,(+0),12,(+1),12,(+1),,Perception +7,Passive Perception 17,Common (can't speak in bear form),"5 (1,800 XP)","Bludgeoning, Piercing, and Slashing from Nonmagical Attacks that aren't Silvered",,,,
Wereboar,"Medium humanoid, neutral evil","10 In Humanoid Form, 11 In Boar Or Hybrid Form",78 (12d8 + 24),"30 ft., 40 ft. in boar form ",17,(+3),10,(+0),15,(+2),10,(+0),11,(+0),8,(-1),,Perception +2,Passive Perception 12,Common (can't speak in boar form),"4 (1,100 XP)","Bludgeoning, Piercing, and Slashing from Nonmagical Attacks that aren't Silvered",,,,
Wererat,"Medium humanoid, lawful evil",12 ,33 (6d8 + 6),30 ft. ,10,(+0),15,(+2),12,(+1),11,(+0),10,(+0),8,(-1),,"Perception +2, Stealth +4","Darkvision 60 ft.,  Passive Perception 12",Common (can't speak in rat form),2 (450 XP),"Bludgeoning, Piercing, and Slashing from Nonmagical Attacks that aren't Silvered",,,,
Weretiger,"Medium humanoid, neutral",12 ,120 (16d8 + 48),"30 ft., 40 ft. in tiger form ",17,(+3),15,(+2),16,(+3),10,(+0),13,(+1),11,(+0),,"Perception +5, Stealth +4","Darkvision 60 ft.,  Passive Perception 15",Common (can't speak in tiger form),"4 (1,100 XP)","Bludgeoning, Piercing, and Slashing from Nonmagical Attacks that aren't Silvered",,,,
Werewolf,"Medium humanoid, chaotic evil","11 In Humanoid Form, 12 In Wolf Or Hybrid Form",58 (9d8 + 18),"30 ft., 40 ft. in wolf form ",15,(+2),13,(+1),14,(+2),10,(+0),11,(+0),10,(+0),,"Perception +4, Stealth +3",Passive Perception 14,Common (can't speak in wolf form),3 (700 XP),"Bludgeoning, Piercing, and Slashing from Nonmagical Attacks that aren't Silvered",,,,
White Dragon Wyrmling,"Medium dragon, chaotic evil",16 (Natural Armor),32 (5d8 + 10),"30 ft., burrow 15 ft., fly 60 ft., swim 30 ft. ",14,(+2),10,(+0),14,(+2),5,(-3),10,(+0),11,(+0),"DEX +2, CON +4, WIS +2, CHA +2","Perception +4, Stealth +2","Blindsight 10 ft., Darkvision 60 ft.,  Passive Perception 14",Draconic,2 (450 XP),Cold,,,,
Wight,"Medium undead, neutral evil",14 (Studded Leather),45 (6d8 + 18),30 ft. ,15,(+2),14,(+2),16,(+3),10,(+0),13,(+1),15,(+2),,"Perception +3, Stealth +4","Darkvision 60 ft.,  Passive Perception 13",The languages it knew in life,3 (700 XP),Poison,"Exhaustion, Poisoned","Necrotic; Bludgeoning, Piercing, and Slashing from Nonmagical Attacks that aren't Silvered",,
Will-o'-Wisp,"Tiny undead, chaotic evil",19 ,22 (9d4),"0 ft., fly 50 ft. (hover) ",1,(-5),28,(+9),10,(+0),13,(+1),14,(+2),11,(+0),,,"Darkvision 120 ft.,  Passive Perception 12",The languages it knew in life,2 (450 XP),"Lightning, Poison","Exhaustion, Grappled, Paralyzed, Poisoned, Prone, Restrained, Unconscious","Acid, Cold, Fire, Necrotic, Thunder; Bludgeoning, Piercing, and Slashing from Nonmagical Attacks",,
Winter Wolf,"Large monstrosity, neutral evil",13 (Natural Armor),75 (10d10 + 20),50 ft. ,18,(+4),13,(+1),14,(+2),7,(-2),12,(+1),8,(-1),,"Perception +5, Stealth +3",Passive Perception 15,"Common, Giant, Winter Wolf",3 (700 XP),Cold,,,,
Wolf,"Medium beast, unaligned",13 (Natural Armor),11 (2d8 + 2),40 ft. ,12,(+1),15,(+2),12,(+1),3,(-4),12,(+1),6,(-2),,"Perception +3, Stealth +4",Passive Perception 13,--,1/4 (50 XP),,,,,
Worg,"Large monstrosity, neutral evil",13 (Natural Armor),26 (4d10 + 4),50 ft. ,16,(+3),13,(+1),13,(+1),7,(-2),11,(+0),8,(-1),,Perception +4,"Darkvision 60 ft.,  Passive Perception 14","Goblin, Worg",1/2 (100 XP),,,,,
Wraith,"Medium undead, neutral evil",13 ,67 (9d8 + 27),"0 ft., fly 60 ft. (hover) ",6,(-2),16,(+3),16,(+3),12,(+1),14,(+2),15,(+2),,,"Darkvision 60 ft.,  Passive Perception 12",The languages it knew in life,"5 (1,800 XP)","Necrotic, Poison","Charmed, Exhaustion, Grappled, Paralyzed, Petrified, Poisoned, Prone, Restrained","Acid, Cold, Fire, Lightning, Thunder; Bludgeoning, Piercing, and Slashing from Nonmagical Attacks that aren't Silvered",,
Wyvern,"Large dragon, unaligned",13 (Natural Armor),110 (13d10 + 39),"20 ft., fly 80 ft. ",19,(+4),10,(+0),16,(+3),5,(-3),12,(+1),6,(-2),,Perception +4,"Darkvision 60 ft.,  Passive Perception 14",--,"6 (2,300 XP)",,,,,
Xorn,"Medium elemental, neutral",19 (Natural Armor),73 (7d8 + 42),"20 ft., burrow 20 ft. ",17,(+3),10,(+0),22,(+6),11,(+0),10,(+0),11,(+0),,"Perception +6, Stealth +3","Darkvision 60 ft., Tremorsense 60 ft.,  Passive Perception 16",Terran,"5 (1,800 XP)",,,Piercing and Slashing from Nonmagical Attacks that aren't Adamantine,,
Yeti,"Large monstrosity, chaotic evil",12 Natural Armor,51 (6d10 + 18),"40 ft., climb 40 ft. ",18,(+4),13,(+1),16,(+3),8,(-1),12,(+1),7,(-2),,"Perception +3, Stealth +3","Darkvision 60 ft.,  Passive Perception 13",Yeti,3 (700 XP),Cold,,,,
Young Black Dragon,"Large dragon, chaotic evil",18 (Natural Armor),127 (15d10 + 45),"40 ft., fly 80 ft., swim 40 ft. ",19,(+4),14,(+2),17,(+3),12,(+1),11,(+0),15,(+2),"DEX +5, CON +6, WIS +3, CHA +5","Perception +6, Stealth +5","Blindsight 30 ft., Darkvision 120 ft.,  Passive Perception 16","Common, Draconic","7 (2,900 XP)",Acid,,,,
Young Blue Dragon,"Large dragon, lawful evil",18 (Natural Armor),152 (16d10 + 64),"40 ft., burrow 20 ft., fly 80 ft. ",21,(+5),10,(+0),19,(+4),14,(+2),13,(+1),17,(+3),"DEX +4, CON +8, WIS +5, CHA +7","Perception +9, Stealth +4","Blindsight 30 ft., Darkvision 120 ft.,  Passive Perception 19","Common, Draconic","9 (5,000 XP)",Lightning,,,,
Young Brass Dragon,"Large dragon, chaotic good",17 (Natural Armor),110 (13d10 + 39),"40 ft., burrow 20 ft., fly 80 ft. ",19,(+4),10,(+0),17,(+3),12,(+1),11,(+0),15,(+2),"DEX +3, CON +6, WIS +3, CHA +5","Perception +6, Persuasion +5, Stealth +3","Blindsight 30 ft., Darkvision 120 ft.,  Passive Perception 16","Common, Draconic","6 (2,300 XP)",Fire,,,,
Young Bronze Dragon,"Large dragon, lawful good",18 (Natural Armor),142 (15d10 + 60),"40 ft., fly 80 ft., swim 40 ft. ",21,(+5),10,(+0),19,(+4),14,(+2),13,(+1),17,(+3),"DEX +3, CON +7, WIS +4, CHA +6","Insight +4, Perception +7, Stealth +3","Blindsight 30 ft., Darkvision 120 ft.,  Passive Perception 17","Common, Draconic","8 (3,900 XP)",Lightning,,,,
Young Copper Dragon,"Large dragon, chaotic good",17 (Natural Armor),119 (14d10 + 42),"40 ft., climb 40 ft., fly 80 ft. ",19,(+4),12,(+1),17,(+3),16,(+3),13,(+1),15,(+2),"DEX +4, CON +6, WIS +4, CHA +5","Deception +5, Perception +7, Stealth +4","Blindsight 30 ft., Darkvision 120 ft.,  Passive Perception 17","Common, Draconic","7 (2,900 XP)",Acid,,,,
Young Gold Dragon,"Large dragon, lawful good",18 (Natural Armor),178 (17d10 + 85),"40 ft., fly 80 ft., swim 40 ft. ",23,(+6),14,(+2),21,(+5),16,(+3),13,(+1),20,(+5),"DEX +6, CON +9, WIS +5, CHA +9","Insight +5, Perception +9, Persuasion +9, Stealth +6","Blindsight 30 ft., Darkvision 120 ft.,  Passive Perception 19","Common, Draconic","10 (5,900 XP)",Fire,,,,
Young Green Dragon,"Large dragon, lawful evil",18 (Natural Armor),136 (16d10 + 48),"40 ft., fly 80 ft., swim 40 ft. ",19,(+4),12,(+1),17,(+3),16,(+3),13,(+1),15,(+2),"DEX +4, CON +6, WIS +4, CHA +5","Deception +5, Perception +7, Stealth +4","Blindsight 30 ft., Darkvision 120 ft.,  Passive Perception 17","Common, Draconic","8 (3,900 XP)",Poison,Poisoned,,,
Young Red Dragon,"Large dragon, chaotic evil",18 (Natural Armor),178 (17d10 + 85),"40 ft., climb 40 ft., fly 80 ft. ",23,(+6),10,(+0),21,(+5),14,(+2),11,(+0),19,(+4),"DEX +4, CON +9, WIS +4, CHA +8","Perception +8, Stealth +4","Blindsight 30 ft., Darkvision 120 ft.,  Passive Perception 18","Common, Draconic","10 (5,900 XP)",Fire,,,,
Young Silver Dragon,"Large dragon, lawful good",18 (Natural Armor),168 (16d10 + 80),"40 ft., fly 80 ft. ",23,(+6),10,(+0),21,(+5),14,(+2),11,(+0),19,(+4),"DEX +4, CON +9, WIS +4, CHA +8","Arcana +6, History +6, Perception +8, Stealth +4","Blindsight 30 ft., Darkvision 120 ft.,  Passive Perception 18","Common, Draconic","9 (5,000 XP)",Cold,,,,
Young White Dragon,"Large dragon, chaotic evil",17 (Natural Armor),133 (14d10 + 56),"40 ft., burrow 20 ft., fly 80 ft., swim 40 ft. ",18,(+4),10,(+0),18,(+4),6,(-2),11,(+0),12,(+1),"DEX +3, CON +7, WIS +3, CHA +4","Perception +6, Stealth +3","Blindsight 30 ft., Darkvision 120 ft.,  Passive Perception 16","Common, Draconic","6 (2,300 XP)",Cold,,,,
Zombie,"Medium undead, neutral evil",8 ,22 (3d8 + 9),20 ft. ,13,(+1),6,(-2),16,(+3),3,(-4),6,(-2),5,(-3),WIS +0,,"Darkvision 60 ft.,  Passive Perception 8",Understands the languages of its creator but can't speak,1/4 (50 XP),Poison,Poisoned,,,
